file,line,type,commit,author,date,time,timezone,datetime,depth,length
style.css,1,css,b7d4eed0,MManiSSingh,2025-01-10,16:26:32,-08:00,2025-01-10T16:26:32-08:00,0,4
style.css,2,css,782e0abb,MManiSSingh,2025-01-31,20:26:33,-08:00,2025-01-31T20:26:33-08:00,1,23
style.css,3,css,782e0abb,MManiSSingh,2025-01-31,20:26:33,-08:00,2025-01-31T20:26:33-08:00,0,0
style.css,4,css,782e0abb,MManiSSingh,2025-01-31,20:26:33,-08:00,2025-01-31T20:26:33-08:00,0,0
style.css,5,css,782e0abb,MManiSSingh,2025-01-31,20:26:33,-08:00,2025-01-31T20:26:33-08:00,0,5
style.css,6,css,782e0abb,MManiSSingh,2025-01-31,20:26:33,-08:00,2025-01-31T20:26:33-08:00,1,23
style.css,7,css,782e0abb,MManiSSingh,2025-01-31,20:26:33,-08:00,2025-01-31T20:26:33-08:00,0,0
style.css,8,css,782e0abb,MManiSSingh,2025-01-31,20:26:33,-08:00,2025-01-31T20:26:33-08:00,0,0
style.css,9,css,782e0abb,MManiSSingh,2025-01-31,20:26:33,-08:00,2025-01-31T20:26:33-08:00,0,3
style.css,10,css,782e0abb,MManiSSingh,2025-01-31,20:26:33,-08:00,2025-01-31T20:26:33-08:00,1,39
style.css,11,css,782e0abb,MManiSSingh,2025-01-31,20:26:33,-08:00,2025-01-31T20:26:33-08:00,1,39
style.css,12,css,782e0abb,MManiSSingh,2025-01-31,20:26:33,-08:00,2025-01-31T20:26:33-08:00,0,0
style.css,13,css,782e0abb,MManiSSingh,2025-01-31,20:26:33,-08:00,2025-01-31T20:26:33-08:00,0,0
style.css,14,css,782e0abb,MManiSSingh,2025-01-31,20:26:33,-08:00,2025-01-31T20:26:33-08:00,0,11
style.css,15,css,782e0abb,MManiSSingh,2025-01-31,20:26:33,-08:00,2025-01-31T20:26:33-08:00,1,69
style.css,16,css,782e0abb,MManiSSingh,2025-01-31,20:26:33,-08:00,2025-01-31T20:26:33-08:00,0,0
style.css,17,css,782e0abb,MManiSSingh,2025-01-31,20:26:33,-08:00,2025-01-31T20:26:33-08:00,0,0
style.css,18,css,782e0abb,MManiSSingh,2025-01-31,20:26:33,-08:00,2025-01-31T20:26:33-08:00,0,13
style.css,19,css,782e0abb,MManiSSingh,2025-01-31,20:26:33,-08:00,2025-01-31T20:26:33-08:00,1,17
style.css,20,css,782e0abb,MManiSSingh,2025-01-31,20:26:33,-08:00,2025-01-31T20:26:33-08:00,1,8
style.css,21,css,782e0abb,MManiSSingh,2025-01-31,20:26:33,-08:00,2025-01-31T20:26:33-08:00,1,10
style.css,22,css,782e0abb,MManiSSingh,2025-01-31,20:26:33,-08:00,2025-01-31T20:26:33-08:00,1,13
style.css,23,css,782e0abb,MManiSSingh,2025-01-31,20:26:33,-08:00,2025-01-31T20:26:33-08:00,1,19
style.css,24,css,782e0abb,MManiSSingh,2025-01-31,20:26:33,-08:00,2025-01-31T20:26:33-08:00,0,0
style.css,25,css,782e0abb,MManiSSingh,2025-01-31,20:26:33,-08:00,2025-01-31T20:26:33-08:00,0,0
style.css,26,css,782e0abb,MManiSSingh,2025-01-31,20:26:33,-08:00,2025-01-31T20:26:33-08:00,0,20
style.css,27,css,782e0abb,MManiSSingh,2025-01-31,20:26:33,-08:00,2025-01-31T20:26:33-08:00,1,19
style.css,28,css,782e0abb,MManiSSingh,2025-01-31,20:26:33,-08:00,2025-01-31T20:26:33-08:00,0,0
resume.html,1,html,b285d0f5,MManiSSingh,2025-01-10,17:20:08,-08:00,2025-01-10T17:20:08-08:00,0,13
resume.html,2,html,b285d0f5,MManiSSingh,2025-01-10,17:20:08,-08:00,2025-01-10T17:20:08-08:00,0,14
resume.html,3,html,b285d0f5,MManiSSingh,2025-01-10,17:20:08,-08:00,2025-01-10T17:20:08-08:00,0,4
resume.html,4,html,b285d0f5,MManiSSingh,2025-01-10,17:20:08,-08:00,2025-01-10T17:20:08-08:00,2,20
resume.html,5,html,b285d0f5,MManiSSingh,2025-01-10,17:20:08,-08:00,2025-01-10T17:20:08-08:00,2,68
resume.html,6,html,b285d0f5,MManiSSingh,2025-01-10,17:20:08,-08:00,2025-01-10T17:20:08-08:00,2,37
resume.html,7,html,36d257e2,MManiSSingh,2025-01-17,19:57:06,-08:00,2025-01-17T19:57:06-08:00,2,5
resume.html,8,html,36d257e2,MManiSSingh,2025-01-17,19:57:06,-08:00,2025-01-17T19:57:06-08:00,4,5
resume.html,9,html,05a9cb97,MManiSSingh,2025-01-17,20:23:58,-08:00,2025-01-17T20:23:58-08:00,6,33
resume.html,10,html,22f37555,MManiSSingh,2025-01-31,20:26:31,-08:00,2025-01-31T20:26:31-08:00,6,23
resume.html,11,html,36d257e2,MManiSSingh,2025-01-17,19:57:06,-08:00,2025-01-17T19:57:06-08:00,4,0
resume.html,12,html,36d257e2,MManiSSingh,2025-01-17,19:57:06,-08:00,2025-01-17T19:57:06-08:00,0,0
resume.html,13,html,36d257e2,MManiSSingh,2025-01-17,19:57:06,-08:00,2025-01-17T19:57:06-08:00,4,4
resume.html,14,html,36d257e2,MManiSSingh,2025-01-17,19:57:06,-08:00,2025-01-17T19:57:06-08:00,6,32
resume.html,15,html,36d257e2,MManiSSingh,2025-01-17,19:57:06,-08:00,2025-01-17T19:57:06-08:00,4,0
resume.html,16,html,36d257e2,MManiSSingh,2025-01-17,19:57:06,-08:00,2025-01-17T19:57:06-08:00,0,0
resume.html,17,html,36d257e2,MManiSSingh,2025-01-17,19:57:06,-08:00,2025-01-17T19:57:06-08:00,4,4
resume.html,18,html,36d257e2,MManiSSingh,2025-01-17,19:57:06,-08:00,2025-01-17T19:57:06-08:00,6,15
resume.html,19,html,36d257e2,MManiSSingh,2025-01-17,19:57:06,-08:00,2025-01-17T19:57:06-08:00,6,18
resume.html,20,html,36d257e2,MManiSSingh,2025-01-17,19:57:06,-08:00,2025-01-17T19:57:06-08:00,6,12
resume.html,21,html,05a9cb97,MManiSSingh,2025-01-17,20:23:58,-08:00,2025-01-17T20:23:58-08:00,6,32
resume.html,22,html,36d257e2,MManiSSingh,2025-01-17,19:57:06,-08:00,2025-01-17T19:57:06-08:00,4,0
resume.html,23,html,36d257e2,MManiSSingh,2025-01-17,19:57:06,-08:00,2025-01-17T19:57:06-08:00,0,0
resume.html,24,html,36d257e2,MManiSSingh,2025-01-17,19:57:06,-08:00,2025-01-17T19:57:06-08:00,4,3
resume.html,25,html,36d257e2,MManiSSingh,2025-01-17,19:57:06,-08:00,2025-01-17T19:57:06-08:00,6,12
resume.html,26,html,36d257e2,MManiSSingh,2025-01-17,19:57:06,-08:00,2025-01-17T19:57:06-08:00,6,8
resume.html,27,html,36d257e2,MManiSSingh,2025-01-17,19:57:06,-08:00,2025-01-17T19:57:06-08:00,6,18
resume.html,28,html,22f37555,MManiSSingh,2025-01-31,20:26:31,-08:00,2025-01-31T20:26:31-08:00,6,39
resume.html,29,html,22f37555,MManiSSingh,2025-01-31,20:26:31,-08:00,2025-01-31T20:26:31-08:00,6,43
resume.html,30,html,36d257e2,MManiSSingh,2025-01-17,19:57:06,-08:00,2025-01-17T19:57:06-08:00,4,0
resume.html,31,html,36d257e2,MManiSSingh,2025-01-17,19:57:06,-08:00,2025-01-17T19:57:06-08:00,0,0
resume.html,32,html,36d257e2,MManiSSingh,2025-01-17,19:57:06,-08:00,2025-01-17T19:57:06-08:00,4,5
resume.html,33,html,36d257e2,MManiSSingh,2025-01-17,19:57:06,-08:00,2025-01-17T19:57:06-08:00,6,6
resume.html,34,html,36d257e2,MManiSSingh,2025-01-17,19:57:06,-08:00,2025-01-17T19:57:06-08:00,6,17
resume.html,35,html,36d257e2,MManiSSingh,2025-01-17,19:57:06,-08:00,2025-01-17T19:57:06-08:00,6,20
resume.html,36,html,36d257e2,MManiSSingh,2025-01-17,19:57:06,-08:00,2025-01-17T19:57:06-08:00,6,13
resume.html,37,html,36d257e2,MManiSSingh,2025-01-17,19:57:06,-08:00,2025-01-17T19:57:06-08:00,6,13
resume.html,38,html,36d257e2,MManiSSingh,2025-01-17,19:57:06,-08:00,2025-01-17T19:57:06-08:00,4,0
resume.html,39,html,36d257e2,MManiSSingh,2025-01-17,19:57:06,-08:00,2025-01-17T19:57:06-08:00,0,0
resume.html,40,html,36d257e2,MManiSSingh,2025-01-17,19:57:06,-08:00,2025-01-17T19:57:06-08:00,4,11
resume.html,41,html,36d257e2,MManiSSingh,2025-01-17,19:57:06,-08:00,2025-01-17T19:57:06-08:00,6,45
resume.html,42,html,36d257e2,MManiSSingh,2025-01-17,19:57:06,-08:00,2025-01-17T19:57:06-08:00,6,20
resume.html,43,html,22f37555,MManiSSingh,2025-01-31,20:26:31,-08:00,2025-01-31T20:26:31-08:00,6,69
resume.html,44,html,36d257e2,MManiSSingh,2025-01-17,19:57:06,-08:00,2025-01-17T19:57:06-08:00,4,0
resume.html,45,html,36d257e2,MManiSSingh,2025-01-17,19:57:06,-08:00,2025-01-17T19:57:06-08:00,0,0
resume.html,46,html,36d257e2,MManiSSingh,2025-01-17,19:57:06,-08:00,2025-01-17T19:57:06-08:00,4,13
resume.html,47,html,36d257e2,MManiSSingh,2025-01-17,19:57:06,-08:00,2025-01-17T19:57:06-08:00,6,16
resume.html,48,html,36d257e2,MManiSSingh,2025-01-17,19:57:06,-08:00,2025-01-17T19:57:06-08:00,6,25
resume.html,49,html,36d257e2,MManiSSingh,2025-01-17,19:57:06,-08:00,2025-01-17T19:57:06-08:00,6,43
resume.html,50,html,36d257e2,MManiSSingh,2025-01-17,19:57:06,-08:00,2025-01-17T19:57:06-08:00,6,20
resume.html,51,html,36d257e2,MManiSSingh,2025-01-17,19:57:06,-08:00,2025-01-17T19:57:06-08:00,4,0
resume.html,52,html,36d257e2,MManiSSingh,2025-01-17,19:57:06,-08:00,2025-01-17T19:57:06-08:00,0,0
resume.html,53,html,05a9cb97,MManiSSingh,2025-01-17,20:23:58,-08:00,2025-01-17T20:23:58-08:00,4,14
resume.html,54,html,36d257e2,MManiSSingh,2025-01-17,19:57:06,-08:00,2025-01-17T19:57:06-08:00,6,15
resume.html,55,html,36d257e2,MManiSSingh,2025-01-17,19:57:06,-08:00,2025-01-17T19:57:06-08:00,4,0
resume.html,56,html,36d257e2,MManiSSingh,2025-01-17,19:57:06,-08:00,2025-01-17T19:57:06-08:00,0,0
resume.html,57,html,05a9cb97,MManiSSingh,2025-01-17,20:23:58,-08:00,2025-01-17T20:23:58-08:00,4,2
resume.html,58,html,05a9cb97,MManiSSingh,2025-01-17,20:23:58,-08:00,2025-01-17T20:23:58-08:00,6,14
resume.html,59,html,05a9cb97,MManiSSingh,2025-01-17,20:23:58,-08:00,2025-01-17T20:23:58-08:00,6,16
resume.html,60,html,05a9cb97,MManiSSingh,2025-01-17,20:23:58,-08:00,2025-01-17T20:23:58-08:00,6,25
resume.html,61,html,05a9cb97,MManiSSingh,2025-01-17,20:23:58,-08:00,2025-01-17T20:23:58-08:00,4,0
resume.html,62,html,05a9cb97,MManiSSingh,2025-01-17,20:23:58,-08:00,2025-01-17T20:23:58-08:00,0,0
resume.html,63,html,05a9cb97,MManiSSingh,2025-01-17,20:23:58,-08:00,2025-01-17T20:23:58-08:00,4,2
resume.html,64,html,05a9cb97,MManiSSingh,2025-01-17,20:23:58,-08:00,2025-01-17T20:23:58-08:00,6,16
resume.html,65,html,05a9cb97,MManiSSingh,2025-01-17,20:23:58,-08:00,2025-01-17T20:23:58-08:00,6,18
resume.html,66,html,05a9cb97,MManiSSingh,2025-01-17,20:23:58,-08:00,2025-01-17T20:23:58-08:00,4,0
resume.html,67,html,05a9cb97,MManiSSingh,2025-01-17,20:23:58,-08:00,2025-01-17T20:23:58-08:00,0,0
resume.html,68,html,36d257e2,MManiSSingh,2025-01-17,19:57:06,-08:00,2025-01-17T19:57:06-08:00,4,2
resume.html,69,html,36d257e2,MManiSSingh,2025-01-17,19:57:06,-08:00,2025-01-17T19:57:06-08:00,6,14
resume.html,70,html,36d257e2,MManiSSingh,2025-01-17,19:57:06,-08:00,2025-01-17T19:57:06-08:00,4,0
resume.html,71,html,36d257e2,MManiSSingh,2025-01-17,19:57:06,-08:00,2025-01-17T19:57:06-08:00,0,0
resume.html,72,html,36d257e2,MManiSSingh,2025-01-17,19:57:06,-08:00,2025-01-17T19:57:06-08:00,4,7
resume.html,73,html,36d257e2,MManiSSingh,2025-01-17,19:57:06,-08:00,2025-01-17T19:57:06-08:00,6,18
resume.html,74,html,36d257e2,MManiSSingh,2025-01-17,19:57:06,-08:00,2025-01-17T19:57:06-08:00,4,0
resume.html,75,html,36d257e2,MManiSSingh,2025-01-17,19:57:06,-08:00,2025-01-17T19:57:06-08:00,0,0
resume.html,76,html,36d257e2,MManiSSingh,2025-01-17,19:57:06,-08:00,2025-01-17T19:57:06-08:00,4,2
resume.html,77,html,36d257e2,MManiSSingh,2025-01-17,19:57:06,-08:00,2025-01-17T19:57:06-08:00,6,19
resume.html,78,html,36d257e2,MManiSSingh,2025-01-17,19:57:06,-08:00,2025-01-17T19:57:06-08:00,6,20
resume.html,79,html,36d257e2,MManiSSingh,2025-01-17,19:57:06,-08:00,2025-01-17T19:57:06-08:00,4,0
resume.html,80,html,36d257e2,MManiSSingh,2025-01-17,19:57:06,-08:00,2025-01-17T19:57:06-08:00,0,0
resume.html,81,html,36d257e2,MManiSSingh,2025-01-17,19:57:06,-08:00,2025-01-17T19:57:06-08:00,4,7
resume.html,82,html,36d257e2,MManiSSingh,2025-01-17,19:57:06,-08:00,2025-01-17T19:57:06-08:00,6,20
resume.html,83,html,36d257e2,MManiSSingh,2025-01-17,19:57:06,-08:00,2025-01-17T19:57:06-08:00,4,0
resume.html,84,html,36d257e2,MManiSSingh,2025-01-17,19:57:06,-08:00,2025-01-17T19:57:06-08:00,0,0
resume.html,85,html,36d257e2,MManiSSingh,2025-01-17,19:57:06,-08:00,2025-01-17T19:57:06-08:00,4,6
resume.html,86,html,36d257e2,MManiSSingh,2025-01-17,19:57:06,-08:00,2025-01-17T19:57:06-08:00,6,20
resume.html,87,html,36d257e2,MManiSSingh,2025-01-17,19:57:06,-08:00,2025-01-17T19:57:06-08:00,4,0
resume.html,88,html,36d257e2,MManiSSingh,2025-01-17,19:57:06,-08:00,2025-01-17T19:57:06-08:00,0,0
resume.html,89,html,36d257e2,MManiSSingh,2025-01-17,19:57:06,-08:00,2025-01-17T19:57:06-08:00,4,4
resume.html,90,html,36d257e2,MManiSSingh,2025-01-17,19:57:06,-08:00,2025-01-17T19:57:06-08:00,6,17
resume.html,91,html,36d257e2,MManiSSingh,2025-01-17,19:57:06,-08:00,2025-01-17T19:57:06-08:00,6,15
resume.html,92,html,36d257e2,MManiSSingh,2025-01-17,19:57:06,-08:00,2025-01-17T19:57:06-08:00,6,13
resume.html,93,html,36d257e2,MManiSSingh,2025-01-17,19:57:06,-08:00,2025-01-17T19:57:06-08:00,4,0
resume.html,94,html,05a9cb97,MManiSSingh,2025-01-17,20:23:58,-08:00,2025-01-17T20:23:58-08:00,0,0
resume.html,95,html,c354d0e4,MManiSSingh,2025-01-17,23:23:50,-08:00,2025-01-17T23:23:50-08:00,4,12
resume.html,96,html,05a9cb97,MManiSSingh,2025-01-17,20:23:58,-08:00,2025-01-17T20:23:58-08:00,6,12
resume.html,97,html,05a9cb97,MManiSSingh,2025-01-17,20:23:58,-08:00,2025-01-17T20:23:58-08:00,6,58
resume.html,98,html,05a9cb97,MManiSSingh,2025-01-17,20:23:58,-08:00,2025-01-17T20:23:58-08:00,6,10
resume.html,99,html,05a9cb97,MManiSSingh,2025-01-17,20:23:58,-08:00,2025-01-17T20:23:58-08:00,6,15
resume.html,100,html,420eb7f6,MManiSSingh,2025-01-31,17:05:44,-08:00,2025-01-31T17:05:44-08:00,6,9
resume.html,101,html,05a9cb97,MManiSSingh,2025-01-17,20:23:58,-08:00,2025-01-17T20:23:58-08:00,4,0
resume.html,102,html,05a9cb97,MManiSSingh,2025-01-17,20:23:58,-08:00,2025-01-17T20:23:58-08:00,0,0
resume.html,103,html,c354d0e4,MManiSSingh,2025-01-17,23:23:50,-08:00,2025-01-17T23:23:50-08:00,4,15
resume.html,104,html,05a9cb97,MManiSSingh,2025-01-17,20:23:58,-08:00,2025-01-17T20:23:58-08:00,6,14
resume.html,105,html,05a9cb97,MManiSSingh,2025-01-17,20:23:58,-08:00,2025-01-17T20:23:58-08:00,6,30
resume.html,106,html,05a9cb97,MManiSSingh,2025-01-17,20:23:58,-08:00,2025-01-17T20:23:58-08:00,6,11
resume.html,107,html,05a9cb97,MManiSSingh,2025-01-17,20:23:58,-08:00,2025-01-17T20:23:58-08:00,6,21
resume.html,108,html,420eb7f6,MManiSSingh,2025-01-31,17:05:44,-08:00,2025-01-31T17:05:44-08:00,6,17
resume.html,109,html,22f37555,MManiSSingh,2025-01-31,20:26:31,-08:00,2025-01-31T20:26:31-08:00,4,0
resume.html,110,html,22f37555,MManiSSingh,2025-01-31,20:26:31,-08:00,2025-01-31T20:26:31-08:00,0,0
resume.html,111,html,22f37555,MManiSSingh,2025-01-31,20:26:31,-08:00,2025-01-31T20:26:31-08:00,4,13
resume.html,112,html,22f37555,MManiSSingh,2025-01-31,20:26:31,-08:00,2025-01-31T20:26:31-08:00,6,17
resume.html,113,html,22f37555,MManiSSingh,2025-01-31,20:26:31,-08:00,2025-01-31T20:26:31-08:00,6,8
resume.html,114,html,22f37555,MManiSSingh,2025-01-31,20:26:31,-08:00,2025-01-31T20:26:31-08:00,6,10
resume.html,115,html,22f37555,MManiSSingh,2025-01-31,20:26:31,-08:00,2025-01-31T20:26:31-08:00,6,13
resume.html,116,html,22f37555,MManiSSingh,2025-01-31,20:26:31,-08:00,2025-01-31T20:26:31-08:00,6,19
resume.html,117,html,22f37555,MManiSSingh,2025-01-31,20:26:31,-08:00,2025-01-31T20:26:31-08:00,4,0
resume.html,118,html,22f37555,MManiSSingh,2025-01-31,20:26:31,-08:00,2025-01-31T20:26:31-08:00,4,20
resume.html,119,html,22f37555,MManiSSingh,2025-01-31,20:26:31,-08:00,2025-01-31T20:26:31-08:00,6,19
resume.html,120,html,22f37555,MManiSSingh,2025-01-31,20:26:31,-08:00,2025-01-31T20:26:31-08:00,4,0
resume.html,121,html,36d257e2,MManiSSingh,2025-01-17,19:57:06,-08:00,2025-01-17T19:57:06-08:00,2,6
resume.html,122,html,b285d0f5,MManiSSingh,2025-01-10,17:20:08,-08:00,2025-01-10T17:20:08-08:00,0,5
resume.html,123,html,b285d0f5,MManiSSingh,2025-01-10,17:20:08,-08:00,2025-01-10T17:20:08-08:00,0,4
resume.html,124,html,420eb7f6,MManiSSingh,2025-01-31,17:05:44,-08:00,2025-01-31T17:05:44-08:00,0,0
resume.html,125,html,b285d0f5,MManiSSingh,2025-01-10,17:20:08,-08:00,2025-01-10T17:20:08-08:00,2,13
resume.html,126,html,b285d0f5,MManiSSingh,2025-01-10,17:20:08,-08:00,2025-01-10T17:20:08-08:00,2,7
resume.html,127,html,b285d0f5,MManiSSingh,2025-01-10,17:20:08,-08:00,2025-01-10T17:20:08-08:00,4,14
resume.html,128,html,b285d0f5,MManiSSingh,2025-01-10,17:20:08,-08:00,2025-01-10T17:20:08-08:00,4,106
resume.html,129,html,b285d0f5,MManiSSingh,2025-01-10,17:20:08,-08:00,2025-01-10T17:20:08-08:00,2,8
resume.html,130,html,b285d0f5,MManiSSingh,2025-01-10,17:20:08,-08:00,2025-01-10T17:20:08-08:00,2,7
resume.html,131,html,b285d0f5,MManiSSingh,2025-01-10,17:20:08,-08:00,2025-01-10T17:20:08-08:00,4,16
resume.html,132,html,b285d0f5,MManiSSingh,2025-01-10,17:20:08,-08:00,2025-01-10T17:20:08-08:00,4,7
resume.html,133,html,b285d0f5,MManiSSingh,2025-01-10,17:20:08,-08:00,2025-01-10T17:20:08-08:00,6,6
resume.html,134,html,05a9cb97,MManiSSingh,2025-01-17,20:23:58,-08:00,2025-01-17T20:23:58-08:00,8,46
resume.html,135,html,b285d0f5,MManiSSingh,2025-01-10,17:20:08,-08:00,2025-01-10T17:20:08-08:00,8,22
resume.html,136,html,b285d0f5,MManiSSingh,2025-01-10,17:20:08,-08:00,2025-01-10T17:20:08-08:00,6,7
resume.html,137,html,b285d0f5,MManiSSingh,2025-01-10,17:20:08,-08:00,2025-01-10T17:20:08-08:00,6,40
resume.html,138,html,b285d0f5,MManiSSingh,2025-01-10,17:20:08,-08:00,2025-01-10T17:20:08-08:00,4,8
resume.html,139,html,b285d0f5,MManiSSingh,2025-01-10,17:20:08,-08:00,2025-01-10T17:20:08-08:00,2,8
resume.html,140,html,b285d0f5,MManiSSingh,2025-01-10,17:20:08,-08:00,2025-01-10T17:20:08-08:00,2,7
resume.html,141,html,b285d0f5,MManiSSingh,2025-01-10,17:20:08,-08:00,2025-01-10T17:20:08-08:00,4,17
resume.html,142,html,b285d0f5,MManiSSingh,2025-01-10,17:20:08,-08:00,2025-01-10T17:20:08-08:00,4,7
resume.html,143,html,b285d0f5,MManiSSingh,2025-01-10,17:20:08,-08:00,2025-01-10T17:20:08-08:00,6,6
resume.html,144,html,b285d0f5,MManiSSingh,2025-01-10,17:20:08,-08:00,2025-01-10T17:20:08-08:00,8,27
resume.html,145,html,b285d0f5,MManiSSingh,2025-01-10,17:20:08,-08:00,2025-01-10T17:20:08-08:00,8,22
resume.html,146,html,b285d0f5,MManiSSingh,2025-01-10,17:20:08,-08:00,2025-01-10T17:20:08-08:00,6,7
resume.html,147,html,89c338d7,MManiSSingh,2025-01-17,20:20:59,-08:00,2025-01-17T20:20:59-08:00,6,2
resume.html,148,html,05a9cb97,MManiSSingh,2025-01-17,20:23:58,-08:00,2025-01-17T20:23:58-08:00,8,126
resume.html,149,html,05a9cb97,MManiSSingh,2025-01-17,20:23:58,-08:00,2025-01-17T20:23:58-08:00,8,100
resume.html,150,html,05a9cb97,MManiSSingh,2025-01-17,20:23:58,-08:00,2025-01-17T20:23:58-08:00,8,97
resume.html,151,html,05a9cb97,MManiSSingh,2025-01-17,20:23:58,-08:00,2025-01-17T20:23:58-08:00,8,108
resume.html,152,html,05a9cb97,MManiSSingh,2025-01-17,20:23:58,-08:00,2025-01-17T20:23:58-08:00,8,87
resume.html,153,html,05a9cb97,MManiSSingh,2025-01-17,20:23:58,-08:00,2025-01-17T20:23:58-08:00,6,3
resume.html,154,html,b285d0f5,MManiSSingh,2025-01-10,17:20:08,-08:00,2025-01-10T17:20:08-08:00,4,8
resume.html,155,html,b285d0f5,MManiSSingh,2025-01-10,17:20:08,-08:00,2025-01-10T17:20:08-08:00,2,8
resume.html,156,html,22f37555,MManiSSingh,2025-01-31,20:26:31,-08:00,2025-01-31T20:26:31-08:00,0,0
resume.html,157,html,b285d0f5,MManiSSingh,2025-01-10,17:20:08,-08:00,2025-01-10T17:20:08-08:00,2,7
resume.html,158,html,b285d0f5,MManiSSingh,2025-01-10,17:20:08,-08:00,2025-01-10T17:20:08-08:00,4,13
resume.html,159,html,c354d0e4,MManiSSingh,2025-01-17,23:23:50,-08:00,2025-01-17T23:23:50-08:00,4,22
resume.html,160,html,b285d0f5,MManiSSingh,2025-01-10,17:20:08,-08:00,2025-01-10T17:20:08-08:00,6,28
resume.html,161,html,b285d0f5,MManiSSingh,2025-01-10,17:20:08,-08:00,2025-01-10T17:20:08-08:00,6,19
resume.html,162,html,b285d0f5,MManiSSingh,2025-01-10,17:20:08,-08:00,2025-01-10T17:20:08-08:00,6,28
resume.html,163,html,c354d0e4,MManiSSingh,2025-01-17,23:23:50,-08:00,2025-01-17T23:23:50-08:00,4,3
resume.html,164,html,b285d0f5,MManiSSingh,2025-01-10,17:20:08,-08:00,2025-01-10T17:20:08-08:00,2,8
resume.html,165,html,b285d0f5,MManiSSingh,2025-01-10,17:20:08,-08:00,2025-01-10T17:20:08-08:00,2,7
resume.html,166,html,b285d0f5,MManiSSingh,2025-01-10,17:20:08,-08:00,2025-01-10T17:20:08-08:00,4,15
resume.html,167,html,b285d0f5,MManiSSingh,2025-01-10,17:20:08,-08:00,2025-01-10T17:20:08-08:00,4,7
resume.html,168,html,b285d0f5,MManiSSingh,2025-01-10,17:20:08,-08:00,2025-01-10T17:20:08-08:00,6,6
resume.html,169,html,b285d0f5,MManiSSingh,2025-01-10,17:20:08,-08:00,2025-01-10T17:20:08-08:00,8,24
resume.html,170,html,b285d0f5,MManiSSingh,2025-01-10,17:20:08,-08:00,2025-01-10T17:20:08-08:00,6,7
resume.html,171,html,b285d0f5,MManiSSingh,2025-01-10,17:20:08,-08:00,2025-01-10T17:20:08-08:00,6,93
resume.html,172,html,b285d0f5,MManiSSingh,2025-01-10,17:20:08,-08:00,2025-01-10T17:20:08-08:00,4,8
resume.html,173,html,b285d0f5,MManiSSingh,2025-01-10,17:20:08,-08:00,2025-01-10T17:20:08-08:00,2,8
resume.html,174,html,420eb7f6,MManiSSingh,2025-01-31,17:05:44,-08:00,2025-01-31T17:05:44-08:00,0,0
resume.html,175,html,3d714664,MManiSSingh,2025-01-31,16:30:26,-08:00,2025-01-31T16:30:26-08:00,2,45
resume.html,176,html,420eb7f6,MManiSSingh,2025-01-31,17:05:44,-08:00,2025-01-31T17:05:44-08:00,0,0
resume.html,177,html,b285d0f5,MManiSSingh,2025-01-10,17:20:08,-08:00,2025-01-10T17:20:08-08:00,0,5
resume.html,178,html,b285d0f5,MManiSSingh,2025-01-10,17:20:08,-08:00,2025-01-10T17:20:08-08:00,0,5
index.js,1,js,b12d7972,MManiSSingh,2025-02-08,18:27:41,-08:00,2025-02-08T18:27:41-08:00,0,71
index.js,2,js,b12d7972,MManiSSingh,2025-02-08,18:27:41,-08:00,2025-02-08T18:27:41-08:00,0,0
index.js,3,js,b12d7972,MManiSSingh,2025-02-08,18:27:41,-08:00,2025-02-08T18:27:41-08:00,0,17
index.js,4,js,b12d7972,MManiSSingh,2025-02-08,18:27:41,-08:00,2025-02-08T18:27:41-08:00,2,3
index.js,5,js,b12d7972,MManiSSingh,2025-02-08,18:27:41,-08:00,2025-02-08T18:27:41-08:00,4,54
index.js,6,js,b12d7972,MManiSSingh,2025-02-08,18:27:41,-08:00,2025-02-08T18:27:41-08:00,4,0
index.js,7,js,b12d7972,MManiSSingh,2025-02-08,18:27:41,-08:00,2025-02-08T18:27:41-08:00,4,42
index.js,8,js,b12d7972,MManiSSingh,2025-02-08,18:27:41,-08:00,2025-02-08T18:27:41-08:00,4,0
index.js,9,js,b12d7972,MManiSSingh,2025-02-08,18:27:41,-08:00,2025-02-08T18:27:41-08:00,4,60
index.js,10,js,b12d7972,MManiSSingh,2025-02-08,18:27:41,-08:00,2025-02-08T18:27:41-08:00,4,0
index.js,11,js,b12d7972,MManiSSingh,2025-02-08,18:27:41,-08:00,2025-02-08T18:27:41-08:00,4,22
index.js,12,js,b12d7972,MManiSSingh,2025-02-08,18:27:41,-08:00,2025-02-08T18:27:41-08:00,6,54
index.js,13,js,b12d7972,MManiSSingh,2025-02-08,18:27:41,-08:00,2025-02-08T18:27:41-08:00,4,0
index.js,14,js,b12d7972,MManiSSingh,2025-02-08,18:27:41,-08:00,2025-02-08T18:27:41-08:00,0,0
index.js,15,js,b12d7972,MManiSSingh,2025-02-08,18:27:41,-08:00,2025-02-08T18:27:41-08:00,4,54
index.js,16,js,b12d7972,MManiSSingh,2025-02-08,18:27:41,-08:00,2025-02-08T18:27:41-08:00,4,38
index.js,17,js,b12d7972,MManiSSingh,2025-02-08,18:27:41,-08:00,2025-02-08T18:27:41-08:00,4,0
index.js,18,js,b12d7972,MManiSSingh,2025-02-08,18:27:41,-08:00,2025-02-08T18:27:41-08:00,4,60
index.js,19,js,b12d7972,MManiSSingh,2025-02-08,18:27:41,-08:00,2025-02-08T18:27:41-08:00,0,0
index.js,20,js,b12d7972,MManiSSingh,2025-02-08,18:27:41,-08:00,2025-02-08T18:27:41-08:00,4,17
index.js,21,js,b12d7972,MManiSSingh,2025-02-08,18:27:41,-08:00,2025-02-08T18:27:41-08:00,6,24
index.js,22,js,b12d7972,MManiSSingh,2025-02-08,18:27:41,-08:00,2025-02-08T18:27:41-08:00,8,2
index.js,23,js,b12d7972,MManiSSingh,2025-02-08,18:27:41,-08:00,2025-02-08T18:27:41-08:00,10,55
index.js,24,js,b12d7972,MManiSSingh,2025-02-08,18:27:41,-08:00,2025-02-08T18:27:41-08:00,10,55
index.js,25,js,b12d7972,MManiSSingh,2025-02-08,18:27:41,-08:00,2025-02-08T18:27:41-08:00,10,49
index.js,26,js,b12d7972,MManiSSingh,2025-02-08,18:27:41,-08:00,2025-02-08T18:27:41-08:00,10,49
index.js,27,js,b12d7972,MManiSSingh,2025-02-08,18:27:41,-08:00,2025-02-08T18:27:41-08:00,8,3
index.js,28,js,b12d7972,MManiSSingh,2025-02-08,18:27:41,-08:00,2025-02-08T18:27:41-08:00,6,0
index.js,29,js,b12d7972,MManiSSingh,2025-02-08,18:27:41,-08:00,2025-02-08T18:27:41-08:00,4,0
index.js,30,js,b12d7972,MManiSSingh,2025-02-08,18:27:41,-08:00,2025-02-08T18:27:41-08:00,2,15
index.js,31,js,b12d7972,MManiSSingh,2025-02-08,18:27:41,-08:00,2025-02-08T18:27:41-08:00,4,57
index.js,32,js,b12d7972,MManiSSingh,2025-02-08,18:27:41,-08:00,2025-02-08T18:27:41-08:00,2,0
index.js,33,js,b12d7972,MManiSSingh,2025-02-08,18:27:41,-08:00,2025-02-08T18:27:41-08:00,0,3
index.html,1,html,753b918,MManiSSingh,2025-01-10,15:34:39,-08:00,2025-01-10T15:34:39-08:00,0,13
index.html,2,html,cbd8f262,MManiSSingh,2025-01-31,17:05:40,-08:00,2025-01-31T17:05:40-08:00,0,27
index.html,3,html,753b918,MManiSSingh,2025-01-10,15:34:39,-08:00,2025-01-10T15:34:39-08:00,0,4
index.html,4,html,753b918,MManiSSingh,2025-01-10,15:34:39,-08:00,2025-01-10T15:34:39-08:00,2,20
index.html,5,html,753b918,MManiSSingh,2025-01-10,15:34:39,-08:00,2025-01-10T15:34:39-08:00,2,51
index.html,6,html,753b918,MManiSSingh,2025-01-10,15:34:39,-08:00,2025-01-10T15:34:39-08:00,2,68
index.html,7,html,da8bb71a,MManiSSingh,2025-01-10,17:23:08,-08:00,2025-01-10T17:23:08-08:00,2,57
index.html,8,html,af0869cc,MManiSSingh,2025-01-17,17:19:17,-08:00,2025-01-17T17:19:17-08:00,2,5
index.html,9,html,cbd8f262,MManiSSingh,2025-01-31,17:05:40,-08:00,2025-01-31T17:05:40-08:00,4,5
index.html,10,html,9d1b3a7f,MManiSSingh,2025-01-17,18:07:46,-08:00,2025-01-17T18:07:46-08:00,6,33
index.html,11,html,fa4caecf,MManiSSingh,2025-01-31,21:24:24,-08:00,2025-01-31T21:24:24-08:00,6,23
index.html,12,html,495b1836,MManiSSingh,2025-01-17,17:56:47,-08:00,2025-01-17T17:56:47-08:00,4,0
index.html,13,html,cbd8f262,MManiSSingh,2025-01-31,17:05:40,-08:00,2025-01-31T17:05:40-08:00,4,4
index.html,14,html,495b1836,MManiSSingh,2025-01-17,17:56:47,-08:00,2025-01-17T17:56:47-08:00,6,32
index.html,15,html,495b1836,MManiSSingh,2025-01-17,17:56:47,-08:00,2025-01-17T17:56:47-08:00,4,0
index.html,16,html,af0869cc,MManiSSingh,2025-01-17,17:19:17,-08:00,2025-01-17T17:19:17-08:00,4,4
index.html,17,html,258dc25c,MManiSSingh,2025-01-17,17:24:47,-08:00,2025-01-17T17:24:47-08:00,6,15
index.html,18,html,258dc25c,MManiSSingh,2025-01-17,17:24:47,-08:00,2025-01-17T17:24:47-08:00,6,18
index.html,19,html,258dc25c,MManiSSingh,2025-01-17,17:24:47,-08:00,2025-01-17T17:24:47-08:00,6,12
index.html,20,html,af0869cc,MManiSSingh,2025-01-17,17:19:17,-08:00,2025-01-17T17:19:17-08:00,4,0
index.html,21,html,2fd20078,MManiSSingh,2025-01-17,17:21:12,-08:00,2025-01-17T17:21:12-08:00,4,3
index.html,22,html,258dc25c,MManiSSingh,2025-01-17,17:24:47,-08:00,2025-01-17T17:24:47-08:00,6,13
index.html,23,html,258dc25c,MManiSSingh,2025-01-17,17:24:47,-08:00,2025-01-17T17:24:47-08:00,6,11
index.html,24,html,258dc25c,MManiSSingh,2025-01-17,17:24:47,-08:00,2025-01-17T17:24:47-08:00,6,13
index.html,25,html,258dc25c,MManiSSingh,2025-01-17,17:24:47,-08:00,2025-01-17T17:24:47-08:00,6,16
index.html,26,html,258dc25c,MManiSSingh,2025-01-17,17:24:47,-08:00,2025-01-17T17:24:47-08:00,4,0
index.html,27,html,c38244ef,MManiSSingh,2025-01-17,17:42:50,-08:00,2025-01-17T17:42:50-08:00,4,3
index.html,28,html,c38244ef,MManiSSingh,2025-01-17,17:42:50,-08:00,2025-01-17T17:42:50-08:00,6,12
index.html,29,html,c38244ef,MManiSSingh,2025-01-17,17:42:50,-08:00,2025-01-17T17:42:50-08:00,6,8
index.html,30,html,c38244ef,MManiSSingh,2025-01-17,17:42:50,-08:00,2025-01-17T17:42:50-08:00,6,18
index.html,31,html,b5f52650,MManiSSingh,2025-01-31,20:26:26,-08:00,2025-01-31T20:26:26-08:00,6,39
index.html,32,html,b5f52650,MManiSSingh,2025-01-31,20:26:26,-08:00,2025-01-31T20:26:26-08:00,6,43
index.html,33,html,c38244ef,MManiSSingh,2025-01-17,17:42:50,-08:00,2025-01-17T17:42:50-08:00,4,0
index.html,34,html,c38244ef,MManiSSingh,2025-01-17,17:42:50,-08:00,2025-01-17T17:42:50-08:00,4,5
index.html,35,html,c38244ef,MManiSSingh,2025-01-17,17:42:50,-08:00,2025-01-17T17:42:50-08:00,6,6
index.html,36,html,c38244ef,MManiSSingh,2025-01-17,17:42:50,-08:00,2025-01-17T17:42:50-08:00,6,17
index.html,37,html,c38244ef,MManiSSingh,2025-01-17,17:42:50,-08:00,2025-01-17T17:42:50-08:00,6,20
index.html,38,html,c38244ef,MManiSSingh,2025-01-17,17:42:50,-08:00,2025-01-17T17:42:50-08:00,6,13
index.html,39,html,c38244ef,MManiSSingh,2025-01-17,17:42:50,-08:00,2025-01-17T17:42:50-08:00,6,13
index.html,40,html,c38244ef,MManiSSingh,2025-01-17,17:42:50,-08:00,2025-01-17T17:42:50-08:00,4,0
index.html,41,html,495b1836,MManiSSingh,2025-01-17,17:56:47,-08:00,2025-01-17T17:56:47-08:00,4,11
index.html,42,html,495b1836,MManiSSingh,2025-01-17,17:56:47,-08:00,2025-01-17T17:56:47-08:00,6,45
index.html,43,html,495b1836,MManiSSingh,2025-01-17,17:56:47,-08:00,2025-01-17T17:56:47-08:00,6,20
index.html,44,html,b5f52650,MManiSSingh,2025-01-31,20:26:26,-08:00,2025-01-31T20:26:26-08:00,6,69
index.html,45,html,495b1836,MManiSSingh,2025-01-17,17:56:47,-08:00,2025-01-17T17:56:47-08:00,4,0
index.html,46,html,e0d99224,MManiSSingh,2025-01-17,18:09:53,-08:00,2025-01-17T18:09:53-08:00,4,13
index.html,47,html,e0d99224,MManiSSingh,2025-01-17,18:09:53,-08:00,2025-01-17T18:09:53-08:00,6,16
index.html,48,html,cbd8f262,MManiSSingh,2025-01-31,17:05:40,-08:00,2025-01-31T17:05:40-08:00,6,43
index.html,49,html,e0d99224,MManiSSingh,2025-01-17,18:09:53,-08:00,2025-01-17T18:09:53-08:00,6,20
index.html,50,html,e0d99224,MManiSSingh,2025-01-17,18:09:53,-08:00,2025-01-17T18:09:53-08:00,4,0
index.html,51,html,b5f52650,MManiSSingh,2025-01-31,20:26:26,-08:00,2025-01-31T20:26:26-08:00,0,0
index.html,52,html,b5f52650,MManiSSingh,2025-01-31,20:26:26,-08:00,2025-01-31T20:26:26-08:00,4,13
index.html,53,html,b5f52650,MManiSSingh,2025-01-31,20:26:26,-08:00,2025-01-31T20:26:26-08:00,6,17
index.html,54,html,b5f52650,MManiSSingh,2025-01-31,20:26:26,-08:00,2025-01-31T20:26:26-08:00,6,8
index.html,55,html,b5f52650,MManiSSingh,2025-01-31,20:26:26,-08:00,2025-01-31T20:26:26-08:00,6,10
index.html,56,html,b5f52650,MManiSSingh,2025-01-31,20:26:26,-08:00,2025-01-31T20:26:26-08:00,6,13
index.html,57,html,b5f52650,MManiSSingh,2025-01-31,20:26:26,-08:00,2025-01-31T20:26:26-08:00,6,19
index.html,58,html,b5f52650,MManiSSingh,2025-01-31,20:26:26,-08:00,2025-01-31T20:26:26-08:00,4,0
index.html,59,html,b5f52650,MManiSSingh,2025-01-31,20:26:26,-08:00,2025-01-31T20:26:26-08:00,4,20
index.html,60,html,b5f52650,MManiSSingh,2025-01-31,20:26:26,-08:00,2025-01-31T20:26:26-08:00,6,19
index.html,61,html,b5f52650,MManiSSingh,2025-01-31,20:26:26,-08:00,2025-01-31T20:26:26-08:00,4,0
index.html,62,html,3e1bbe65,MManiSSingh,2025-02-14,16:26:32,-08:00,2025-02-14T16:26:32-08:00,0,0
index.html,63,html,3e1bbe65,MManiSSingh,2025-02-14,16:26:32,-08:00,2025-02-14T16:26:32-08:00,4,32
index.html,64,html,3e1bbe65,MManiSSingh,2025-02-14,16:26:32,-08:00,2025-02-14T16:26:32-08:00,4,14
index.html,65,html,3e1bbe65,MManiSSingh,2025-02-14,16:26:32,-08:00,2025-02-14T16:26:32-08:00,6,12
index.html,66,html,3e1bbe65,MManiSSingh,2025-02-14,16:26:32,-08:00,2025-02-14T16:26:32-08:00,6,36
index.html,67,html,3e1bbe65,MManiSSingh,2025-02-14,16:26:32,-08:00,2025-02-14T16:26:32-08:00,6,17
index.html,68,html,3e1bbe65,MManiSSingh,2025-02-14,16:26:32,-08:00,2025-02-14T16:26:32-08:00,6,8
index.html,69,html,3e1bbe65,MManiSSingh,2025-02-14,16:26:32,-08:00,2025-02-14T16:26:32-08:00,6,17
index.html,70,html,3e1bbe65,MManiSSingh,2025-02-14,16:26:32,-08:00,2025-02-14T16:26:32-08:00,6,12
index.html,71,html,3e1bbe65,MManiSSingh,2025-02-14,16:26:32,-08:00,2025-02-14T16:26:32-08:00,6,17
index.html,72,html,3e1bbe65,MManiSSingh,2025-02-14,16:26:32,-08:00,2025-02-14T16:26:32-08:00,6,69
index.html,73,html,3e1bbe65,MManiSSingh,2025-02-14,16:26:32,-08:00,2025-02-14T16:26:32-08:00,4,0
index.html,74,html,3e1bbe65,MManiSSingh,2025-02-14,16:26:32,-08:00,2025-02-14T16:26:32-08:00,4,0
index.html,75,html,3e1bbe65,MManiSSingh,2025-02-14,16:26:32,-08:00,2025-02-14T16:26:32-08:00,4,17
index.html,76,html,3e1bbe65,MManiSSingh,2025-02-14,16:26:32,-08:00,2025-02-14T16:26:32-08:00,6,16
index.html,77,html,3e1bbe65,MManiSSingh,2025-02-14,16:26:32,-08:00,2025-02-14T16:26:32-08:00,4,0
index.html,78,html,3e1bbe65,MManiSSingh,2025-02-14,16:26:32,-08:00,2025-02-14T16:26:32-08:00,0,0
index.html,79,html,3e1bbe65,MManiSSingh,2025-02-14,16:26:32,-08:00,2025-02-14T16:26:32-08:00,4,17
index.html,80,html,3e1bbe65,MManiSSingh,2025-02-14,16:26:32,-08:00,2025-02-14T16:26:32-08:00,6,16
index.html,81,html,3e1bbe65,MManiSSingh,2025-02-14,16:26:32,-08:00,2025-02-14T16:26:32-08:00,6,15
index.html,82,html,3e1bbe65,MManiSSingh,2025-02-14,16:26:32,-08:00,2025-02-14T16:26:32-08:00,6,25
index.html,83,html,3e1bbe65,MManiSSingh,2025-02-14,16:26:32,-08:00,2025-02-14T16:26:32-08:00,6,10
index.html,84,html,3e1bbe65,MManiSSingh,2025-02-14,16:26:32,-08:00,2025-02-14T16:26:32-08:00,4,0
index.html,85,html,3e1bbe65,MManiSSingh,2025-02-14,16:26:32,-08:00,2025-02-14T16:26:32-08:00,0,0
index.html,86,html,3e1bbe65,MManiSSingh,2025-02-14,16:26:32,-08:00,2025-02-14T16:26:32-08:00,4,17
index.html,87,html,3e1bbe65,MManiSSingh,2025-02-14,16:26:32,-08:00,2025-02-14T16:26:32-08:00,6,14
index.html,88,html,3e1bbe65,MManiSSingh,2025-02-14,16:26:32,-08:00,2025-02-14T16:26:32-08:00,6,16
index.html,89,html,3e1bbe65,MManiSSingh,2025-02-14,16:26:32,-08:00,2025-02-14T16:26:32-08:00,6,8
index.html,90,html,3e1bbe65,MManiSSingh,2025-02-14,16:26:32,-08:00,2025-02-14T16:26:32-08:00,6,10
index.html,91,html,3e1bbe65,MManiSSingh,2025-02-14,16:26:32,-08:00,2025-02-14T16:26:32-08:00,4,0
index.html,92,html,af0869cc,MManiSSingh,2025-01-17,17:19:17,-08:00,2025-01-17T17:19:17-08:00,2,6
index.html,93,html,753b918,MManiSSingh,2025-01-10,15:34:39,-08:00,2025-01-10T15:34:39-08:00,0,5
index.html,94,html,753b918,MManiSSingh,2025-01-10,15:34:39,-08:00,2025-01-10T15:34:39-08:00,0,4
index.html,95,html,cbd8f262,MManiSSingh,2025-01-31,17:05:40,-08:00,2025-01-31T17:05:40-08:00,0,0
index.html,96,html,6dc9fdea,MManiSSingh,2025-01-17,17:44:46,-08:00,2025-01-17T17:44:46-08:00,2,22
index.html,97,html,6dc9fdea,MManiSSingh,2025-01-17,17:44:46,-08:00,2025-01-17T17:44:46-08:00,2,42
index.html,98,html,6dc9fdea,MManiSSingh,2025-01-17,17:44:46,-08:00,2025-01-17T17:44:46-08:00,2,58
index.html,99,html,6dc9fdea,MManiSSingh,2025-01-17,17:44:46,-08:00,2025-01-17T17:44:46-08:00,2,98
index.html,100,html,455a8413,MManiSSingh,2025-01-31,16:30:21,-08:00,2025-01-31T16:30:21-08:00,0,0
index.html,101,html,1b4ce298,MManiSSingh,2025-02-08,18:27:39,-08:00,2025-02-08T18:27:39-08:00,2,22
index.html,102,html,1b4ce298,MManiSSingh,2025-02-08,18:27:39,-08:00,2025-02-08T18:27:39-08:00,2,26
index.html,103,html,1b4ce298,MManiSSingh,2025-02-08,18:27:39,-08:00,2025-02-08T18:27:39-08:00,2,0
index.html,104,html,1b4ce298,MManiSSingh,2025-02-08,18:27:39,-08:00,2025-02-08T18:27:39-08:00,2,21
index.html,105,html,3e1bbe65,MManiSSingh,2025-02-14,16:26:32,-08:00,2025-02-14T16:26:32-08:00,2,22
index.html,106,html,3e1bbe65,MManiSSingh,2025-02-14,16:26:32,-08:00,2025-02-14T16:26:32-08:00,4,2
index.html,107,html,3e1bbe65,MManiSSingh,2025-02-14,16:26:32,-08:00,2025-02-14T16:26:32-08:00,6,36
index.html,108,html,3e1bbe65,MManiSSingh,2025-02-14,16:26:32,-08:00,2025-02-14T16:26:32-08:00,6,36
index.html,109,html,3e1bbe65,MManiSSingh,2025-02-14,16:26:32,-08:00,2025-02-14T16:26:32-08:00,6,39
index.html,110,html,3e1bbe65,MManiSSingh,2025-02-14,16:26:32,-08:00,2025-02-14T16:26:32-08:00,6,39
index.html,111,html,3e1bbe65,MManiSSingh,2025-02-14,16:26:32,-08:00,2025-02-14T16:26:32-08:00,4,3
index.html,112,html,3e1bbe65,MManiSSingh,2025-02-14,16:26:32,-08:00,2025-02-14T16:26:32-08:00,2,4
index.html,113,html,1b4ce298,MManiSSingh,2025-02-08,18:27:39,-08:00,2025-02-08T18:27:39-08:00,0,0
index.html,114,html,455a8413,MManiSSingh,2025-01-31,16:30:21,-08:00,2025-01-31T16:30:21-08:00,2,45
index.html,115,html,1b4ce298,MManiSSingh,2025-02-08,18:27:39,-08:00,2025-02-08T18:27:39-08:00,2,50
index.html,116,html,cbd8f262,MManiSSingh,2025-01-31,17:05:40,-08:00,2025-01-31T17:05:40-08:00,0,0
index.html,117,html,753b918,MManiSSingh,2025-01-10,15:34:39,-08:00,2025-01-10T15:34:39-08:00,0,5
index.html,118,html,1b95ec1c,MManiSSingh,2025-01-10,16:05:27,-08:00,2025-01-10T16:05:27-08:00,0,5
global.js,1,js,33b3dd84,MManiSSingh,2025-01-31,16:30:17,-08:00,2025-01-31T16:30:17-08:00,0,25
global.js,2,js,33b3dd84,MManiSSingh,2025-01-31,16:30:17,-08:00,2025-01-31T16:30:17-08:00,0,0
global.js,3,js,33b3dd84,MManiSSingh,2025-01-31,16:30:17,-08:00,2025-01-31T16:30:17-08:00,0,41
global.js,4,js,33b3dd84,MManiSSingh,2025-01-31,16:30:17,-08:00,2025-01-31T16:30:17-08:00,1,52
global.js,5,js,33b3dd84,MManiSSingh,2025-01-31,16:30:17,-08:00,2025-01-31T16:30:17-08:00,0,0
global.js,6,js,9e073bf8,MManiSSingh,2025-01-31,16:39:42,-08:00,2025-01-31T16:39:42-08:00,0,0
global.js,7,js,25275128,MManiSSingh,2025-01-31,17:05:37,-08:00,2025-01-31T17:05:37-08:00,0,11
global.js,8,js,28ca5391,MManiSSingh,2025-01-31,21:53:29,-08:00,2025-01-31T21:53:29-08:00,2,36
global.js,9,js,a7d797ca,MManiSSingh,2025-01-31,21:58:28,-08:00,2025-01-31T21:58:28-08:00,2,49
global.js,10,js,a7d797ca,MManiSSingh,2025-01-31,21:58:28,-08:00,2025-01-31T21:58:28-08:00,2,47
global.js,11,js,6aff4b7e,MManiSSingh,2025-02-07,15:11:33,-08:00,2025-02-07T15:11:33-08:00,2,49
global.js,12,js,bdd23c26,MManiSSingh,2025-02-14,21:32:26,-08:00,2025-02-14T21:32:26-08:00,2,40
global.js,13,js,d971647a,MManiSSingh,2025-01-31,21:42:44,-08:00,2025-01-31T21:42:44-08:00,2,64
global.js,14,js,28ca5391,MManiSSingh,2025-01-31,21:53:29,-08:00,2025-01-31T21:53:29-08:00,0,0
global.js,15,js,9e073bf8,MManiSSingh,2025-01-31,16:39:42,-08:00,2025-01-31T16:39:42-08:00,0,0
global.js,16,js,25275128,MManiSSingh,2025-01-31,17:05:37,-08:00,2025-01-31T17:05:37-08:00,0,38
global.js,17,js,25275128,MManiSSingh,2025-01-31,17:05:37,-08:00,2025-01-31T17:05:37-08:00,0,25
global.js,18,js,25275128,MManiSSingh,2025-01-31,17:05:37,-08:00,2025-01-31T17:05:37-08:00,0,0
global.js,19,js,25275128,MManiSSingh,2025-01-31,17:05:37,-08:00,2025-01-31T17:05:37-08:00,0,20
global.js,20,js,25275128,MManiSSingh,2025-01-31,17:05:37,-08:00,2025-01-31T17:05:37-08:00,1,34
global.js,21,js,28ca5391,MManiSSingh,2025-01-31,21:53:29,-08:00,2025-01-31T21:53:29-08:00,1,13
global.js,22,js,28ca5391,MManiSSingh,2025-01-31,21:53:29,-08:00,2025-01-31T21:53:29-08:00,1,22
global.js,23,js,25275128,MManiSSingh,2025-01-31,17:05:37,-08:00,2025-01-31T17:05:37-08:00,1,90
global.js,24,js,87cd59e9,MManiSSingh,2025-01-31,21:35:03,-08:00,2025-01-31T21:35:03-08:00,1,52
global.js,25,js,25275128,MManiSSingh,2025-01-31,17:05:37,-08:00,2025-01-31T17:05:37-08:00,1,12
global.js,26,js,25275128,MManiSSingh,2025-01-31,17:05:37,-08:00,2025-01-31T17:05:37-08:00,0,0
global.js,27,js,0dde61dc,MManiSSingh,2025-01-31,20:26:23,-08:00,2025-01-31T20:26:23-08:00,0,0
global.js,28,js,0dde61dc,MManiSSingh,2025-01-31,20:26:23,-08:00,2025-01-31T20:26:23-08:00,0,31
global.js,29,js,0dde61dc,MManiSSingh,2025-01-31,20:26:23,-08:00,2025-01-31T20:26:23-08:00,1,11
global.js,30,js,0dde61dc,MManiSSingh,2025-01-31,20:26:23,-08:00,2025-01-31T20:26:23-08:00,1,0
global.js,31,js,0dde61dc,MManiSSingh,2025-01-31,20:26:23,-08:00,2025-01-31T20:26:23-08:00,2,26
global.js,32,js,0dde61dc,MManiSSingh,2025-01-31,20:26:23,-08:00,2025-01-31T20:26:23-08:00,4,4
global.js,33,js,0dde61dc,MManiSSingh,2025-01-31,20:26:23,-08:00,2025-01-31T20:26:23-08:00,4,26
global.js,34,js,0dde61dc,MManiSSingh,2025-01-31,20:26:23,-08:00,2025-01-31T20:26:23-08:00,6,43
global.js,35,js,0dde61dc,MManiSSingh,2025-01-31,20:26:23,-08:00,2025-01-31T20:26:23-08:00,6,34
global.js,36,js,0dde61dc,MManiSSingh,2025-01-31,20:26:23,-08:00,2025-01-31T20:26:23-08:00,6,32
global.js,37,js,0dde61dc,MManiSSingh,2025-01-31,20:26:23,-08:00,2025-01-31T20:26:23-08:00,4,7
global.js,38,js,0dde61dc,MManiSSingh,2025-01-31,20:26:23,-08:00,2025-01-31T20:26:23-08:00,2,6
global.js,39,js,0dde61dc,MManiSSingh,2025-01-31,20:26:23,-08:00,2025-01-31T20:26:23-08:00,1,0
global.js,40,js,0dde61dc,MManiSSingh,2025-01-31,20:26:23,-08:00,2025-01-31T20:26:23-08:00,0,0
global.js,41,js,0dde61dc,MManiSSingh,2025-01-31,20:26:23,-08:00,2025-01-31T20:26:23-08:00,0,0
global.js,42,js,0dde61dc,MManiSSingh,2025-01-31,20:26:23,-08:00,2025-01-31T20:26:23-08:00,0,31
global.js,43,js,0dde61dc,MManiSSingh,2025-01-31,20:26:23,-08:00,2025-01-31T20:26:23-08:00,1,65
global.js,44,js,0dde61dc,MManiSSingh,2025-01-31,20:26:23,-08:00,2025-01-31T20:26:23-08:00,1,42
global.js,45,js,0dde61dc,MManiSSingh,2025-01-31,20:26:23,-08:00,2025-01-31T20:26:23-08:00,0,0
global.js,46,js,0dde61dc,MManiSSingh,2025-01-31,20:26:23,-08:00,2025-01-31T20:26:23-08:00,0,0
global.js,47,js,0dde61dc,MManiSSingh,2025-01-31,20:26:23,-08:00,2025-01-31T20:26:23-08:00,0,62
global.js,48,js,37cb93e4,MManiSSingh,2025-01-31,21:24:16,-08:00,2025-01-31T21:24:16-08:00,0,40
global.js,49,js,0dde61dc,MManiSSingh,2025-01-31,20:26:23,-08:00,2025-01-31T20:26:23-08:00,1,52
global.js,50,js,0dde61dc,MManiSSingh,2025-01-31,20:26:23,-08:00,2025-01-31T20:26:23-08:00,1,26
global.js,51,js,0dde61dc,MManiSSingh,2025-01-31,20:26:23,-08:00,2025-01-31T20:26:23-08:00,1,32
global.js,52,js,0dde61dc,MManiSSingh,2025-01-31,20:26:23,-08:00,2025-01-31T20:26:23-08:00,0,0
global.js,53,js,0dde61dc,MManiSSingh,2025-01-31,20:26:23,-08:00,2025-01-31T20:26:23-08:00,0,0
global.js,54,js,0dde61dc,MManiSSingh,2025-01-31,20:26:23,-08:00,2025-01-31T20:26:23-08:00,0,56
global.js,55,js,0dde61dc,MManiSSingh,2025-01-31,20:26:23,-08:00,2025-01-31T20:26:23-08:00,1,33
global.js,56,js,0dde61dc,MManiSSingh,2025-01-31,20:26:23,-08:00,2025-01-31T20:26:23-08:00,0,1
global.js,57,js,37cb93e4,MManiSSingh,2025-01-31,21:24:16,-08:00,2025-01-31T21:24:16-08:00,0,0
global.js,58,js,87cd59e9,MManiSSingh,2025-01-31,21:35:03,-08:00,2025-01-31T21:35:03-08:00,0,36
global.js,59,js,87cd59e9,MManiSSingh,2025-01-31,21:35:03,-08:00,2025-01-31T21:35:03-08:00,2,3
global.js,60,js,87cd59e9,MManiSSingh,2025-01-31,21:35:03,-08:00,2025-01-31T21:35:03-08:00,4,32
global.js,61,js,87cd59e9,MManiSSingh,2025-01-31,21:35:03,-08:00,2025-01-31T21:35:03-08:00,4,0
global.js,62,js,87cd59e9,MManiSSingh,2025-01-31,21:35:03,-08:00,2025-01-31T21:35:03-08:00,4,17
global.js,63,js,87cd59e9,MManiSSingh,2025-01-31,21:35:03,-08:00,2025-01-31T21:35:03-08:00,6,66
global.js,64,js,87cd59e9,MManiSSingh,2025-01-31,21:35:03,-08:00,2025-01-31T21:35:03-08:00,4,0
global.js,65,js,87cd59e9,MManiSSingh,2025-01-31,21:35:03,-08:00,2025-01-31T21:35:03-08:00,0,0
global.js,66,js,87cd59e9,MManiSSingh,2025-01-31,21:35:03,-08:00,2025-01-31T21:35:03-08:00,4,33
global.js,67,js,87cd59e9,MManiSSingh,2025-01-31,21:35:03,-08:00,2025-01-31T21:35:03-08:00,4,10
global.js,68,js,87cd59e9,MManiSSingh,2025-01-31,21:35:03,-08:00,2025-01-31T21:35:03-08:00,0,0
global.js,69,js,87cd59e9,MManiSSingh,2025-01-31,21:35:03,-08:00,2025-01-31T21:35:03-08:00,2,15
global.js,70,js,87cd59e9,MManiSSingh,2025-01-31,21:35:03,-08:00,2025-01-31T21:35:03-08:00,4,59
global.js,71,js,87cd59e9,MManiSSingh,2025-01-31,21:35:03,-08:00,2025-01-31T21:35:03-08:00,2,0
global.js,72,js,87cd59e9,MManiSSingh,2025-01-31,21:35:03,-08:00,2025-01-31T21:35:03-08:00,0,0
global.js,73,js,87cd59e9,MManiSSingh,2025-01-31,21:35:03,-08:00,2025-01-31T21:35:03-08:00,0,0
global.js,74,js,252d3d04,MManiSSingh,2025-02-08,18:39:48,-08:00,2025-02-08T18:39:48-08:00,0,79
global.js,75,js,252d3d04,MManiSSingh,2025-02-08,18:39:48,-08:00,2025-02-08T18:39:48-08:00,2,28
global.js,76,js,252d3d04,MManiSSingh,2025-02-08,18:39:48,-08:00,2025-02-08T18:39:48-08:00,2,30
global.js,77,js,252d3d04,MManiSSingh,2025-02-08,18:39:48,-08:00,2025-02-08T18:39:48-08:00,0,0
global.js,78,js,252d3d04,MManiSSingh,2025-02-08,18:39:48,-08:00,2025-02-08T18:39:48-08:00,2,29
global.js,79,js,252d3d04,MManiSSingh,2025-02-08,18:39:48,-08:00,2025-02-08T18:39:48-08:00,4,48
global.js,80,js,252d3d04,MManiSSingh,2025-02-08,18:39:48,-08:00,2025-02-08T18:39:48-08:00,4,19
global.js,81,js,252d3d04,MManiSSingh,2025-02-08,18:39:48,-08:00,2025-02-08T18:39:48-08:00,6,49
global.js,82,js,252d3d04,MManiSSingh,2025-02-08,18:39:48,-08:00,2025-02-08T18:39:48-08:00,6,49
global.js,83,js,252d3d04,MManiSSingh,2025-02-08,18:39:48,-08:00,2025-02-08T18:39:48-08:00,6,27
global.js,84,js,252d3d04,MManiSSingh,2025-02-08,18:39:48,-08:00,2025-02-08T18:39:48-08:00,4,0
global.js,85,js,252d3d04,MManiSSingh,2025-02-08,18:39:48,-08:00,2025-02-08T18:39:48-08:00,4,36
global.js,86,js,252d3d04,MManiSSingh,2025-02-08,18:39:48,-08:00,2025-02-08T18:39:48-08:00,2,1
global.js,87,js,252d3d04,MManiSSingh,2025-02-08,18:39:48,-08:00,2025-02-08T18:39:48-08:00,0,0
global.js,88,js,252d3d04,MManiSSingh,2025-02-08,18:39:48,-08:00,2025-02-08T18:39:48-08:00,0,0
global.js,89,js,252d3d04,MManiSSingh,2025-02-08,18:39:48,-08:00,2025-02-08T18:39:48-08:00,0,47
global.js,90,js,252d3d04,MManiSSingh,2025-02-08,18:39:48,-08:00,2025-02-08T18:39:48-08:00,2,59
global.js,91,js,252d3d04,MManiSSingh,2025-02-08,18:39:48,-08:00,2025-02-08T18:39:48-08:00,0,0
global.js,92,js,252d3d04,MManiSSingh,2025-02-08,18:39:48,-08:00,2025-02-08T18:39:48-08:00,0,0
global.js,93,js,37cb93e4,MManiSSingh,2025-01-31,21:24:16,-08:00,2025-01-31T21:24:16-08:00,0,29
global.js,94,js,87cd59e9,MManiSSingh,2025-01-31,21:35:03,-08:00,2025-01-31T21:35:03-08:00,2,3
global.js,95,js,87cd59e9,MManiSSingh,2025-01-31,21:35:03,-08:00,2025-01-31T21:35:03-08:00,4,63
global.js,96,js,87cd59e9,MManiSSingh,2025-01-31,21:35:03,-08:00,2025-01-31T21:35:03-08:00,4,38
global.js,97,js,87cd59e9,MManiSSingh,2025-01-31,21:35:03,-08:00,2025-01-31T21:35:03-08:00,0,0
global.js,98,js,87cd59e9,MManiSSingh,2025-01-31,21:35:03,-08:00,2025-01-31T21:35:03-08:00,4,60
global.js,99,js,252d3d04,MManiSSingh,2025-02-08,18:39:48,-08:00,2025-02-08T18:39:48-08:00,4,62
global.js,100,js,252d3d04,MManiSSingh,2025-02-08,18:39:48,-08:00,2025-02-08T18:39:48-08:00,4,0
global.js,101,js,87cd59e9,MManiSSingh,2025-01-31,21:35:03,-08:00,2025-01-31T21:35:03-08:00,4,29
global.js,102,js,87cd59e9,MManiSSingh,2025-01-31,21:35:03,-08:00,2025-01-31T21:35:03-08:00,0,0
global.js,103,js,87cd59e9,MManiSSingh,2025-01-31,21:35:03,-08:00,2025-01-31T21:35:03-08:00,4,31
global.js,104,js,252d3d04,MManiSSingh,2025-02-08,18:39:48,-08:00,2025-02-08T18:39:48-08:00,4,18
global.js,105,js,252d3d04,MManiSSingh,2025-02-08,18:39:48,-08:00,2025-02-08T18:39:48-08:00,6,58
global.js,106,js,252d3d04,MManiSSingh,2025-02-08,18:39:48,-08:00,2025-02-08T18:39:48-08:00,4,0
global.js,107,js,87cd59e9,MManiSSingh,2025-01-31,21:35:03,-08:00,2025-01-31T21:35:03-08:00,0,0
global.js,108,js,252d3d04,MManiSSingh,2025-02-08,18:39:48,-08:00,2025-02-08T18:39:48-08:00,4,48
global.js,109,js,87cd59e9,MManiSSingh,2025-01-31,21:35:03,-08:00,2025-01-31T21:35:03-08:00,2,15
global.js,110,js,87cd59e9,MManiSSingh,2025-01-31,21:35:03,-08:00,2025-01-31T21:35:03-08:00,4,46
global.js,111,js,87cd59e9,MManiSSingh,2025-01-31,21:35:03,-08:00,2025-01-31T21:35:03-08:00,2,0
global.js,112,js,37cb93e4,MManiSSingh,2025-01-31,21:24:16,-08:00,2025-01-31T21:24:16-08:00,0,0
global.js,113,js,37cb93e4,MManiSSingh,2025-01-31,21:24:16,-08:00,2025-01-31T21:24:16-08:00,0,0
global.js,114,js,37cb93e4,MManiSSingh,2025-01-31,21:24:16,-08:00,2025-01-31T21:24:16-08:00,0,40
global.js,115,js,87cd59e9,MManiSSingh,2025-01-31,21:35:03,-08:00,2025-01-31T21:35:03-08:00,2,13
global.js,116,js,37cb93e4,MManiSSingh,2025-01-31,21:24:16,-08:00,2025-01-31T21:24:16-08:00,0,0
projects/projects.js,1,js,f301333f,MManiSSingh,2025-02-14,18:48:33,-08:00,2025-02-14T18:48:33-08:00,0,63
projects/projects.js,2,js,f301333f,MManiSSingh,2025-02-14,18:48:33,-08:00,2025-02-14T18:48:33-08:00,0,55
projects/projects.js,3,js,f301333f,MManiSSingh,2025-02-14,18:48:33,-08:00,2025-02-14T18:48:33-08:00,0,0
projects/projects.js,4,js,f301333f,MManiSSingh,2025-02-14,18:48:33,-08:00,2025-02-14T18:48:33-08:00,0,17
projects/projects.js,5,js,275792a2,MManiSSingh,2025-02-14,20:56:47,-08:00,2025-02-14T20:56:47-08:00,2,53
projects/projects.js,6,js,f301333f,MManiSSingh,2025-02-14,18:48:33,-08:00,2025-02-14T18:48:33-08:00,2,60
projects/projects.js,7,js,f301333f,MManiSSingh,2025-02-14,18:48:33,-08:00,2025-02-14T18:48:33-08:00,2,48
projects/projects.js,8,js,f301333f,MManiSSingh,2025-02-14,18:48:33,-08:00,2025-02-14T18:48:33-08:00,0,0
projects/projects.js,9,js,0e665ec0,MManiSSingh,2025-02-14,21:13:39,-08:00,2025-02-14T21:13:39-08:00,2,13
projects/projects.js,10,js,dd6370cc,MManiSSingh,2025-02-14,21:19:57,-08:00,2025-02-14T21:19:57-08:00,2,22
projects/projects.js,11,js,0e665ec0,MManiSSingh,2025-02-14,21:13:39,-08:00,2025-02-14T21:13:39-08:00,2,53
projects/projects.js,12,js,0e665ec0,MManiSSingh,2025-02-14,21:13:39,-08:00,2025-02-14T21:13:39-08:00,0,0
projects/projects.js,13,js,275792a2,MManiSSingh,2025-02-14,20:56:47,-08:00,2025-02-14T20:56:47-08:00,2,38
projects/projects.js,14,js,275792a2,MManiSSingh,2025-02-14,20:56:47,-08:00,2025-02-14T20:56:47-08:00,4,29
projects/projects.js,15,js,275792a2,MManiSSingh,2025-02-14,20:56:47,-08:00,2025-02-14T20:56:47-08:00,6,12
projects/projects.js,16,js,0e665ec0,MManiSSingh,2025-02-14,21:13:39,-08:00,2025-02-14T21:13:39-08:00,6,14
projects/projects.js,17,js,0e665ec0,MManiSSingh,2025-02-14,21:13:39,-08:00,2025-02-14T21:13:39-08:00,6,11
projects/projects.js,18,js,275792a2,MManiSSingh,2025-02-14,20:56:47,-08:00,2025-02-14T20:56:47-08:00,4,0
projects/projects.js,19,js,275792a2,MManiSSingh,2025-02-14,20:56:47,-08:00,2025-02-14T20:56:47-08:00,0,0
projects/projects.js,20,js,275792a2,MManiSSingh,2025-02-14,20:56:47,-08:00,2025-02-14T20:56:47-08:00,4,51
projects/projects.js,21,js,275792a2,MManiSSingh,2025-02-14,20:56:47,-08:00,2025-02-14T20:56:47-08:00,6,11
projects/projects.js,22,js,275792a2,MManiSSingh,2025-02-14,20:56:47,-08:00,2025-02-14T20:56:47-08:00,6,9
projects/projects.js,23,js,275792a2,MManiSSingh,2025-02-14,20:56:47,-08:00,2025-02-14T20:56:47-08:00,4,2
projects/projects.js,24,js,275792a2,MManiSSingh,2025-02-14,20:56:47,-08:00,2025-02-14T20:56:47-08:00,0,0
projects/projects.js,25,js,275792a2,MManiSSingh,2025-02-14,20:56:47,-08:00,2025-02-14T20:56:47-08:00,4,51
projects/projects.js,26,js,275792a2,MManiSSingh,2025-02-14,20:56:47,-08:00,2025-02-14T20:56:47-08:00,0,0
projects/projects.js,27,js,0e665ec0,MManiSSingh,2025-02-14,21:13:39,-08:00,2025-02-14T21:13:39-08:00,4,30
projects/projects.js,28,js,275792a2,MManiSSingh,2025-02-14,20:56:47,-08:00,2025-02-14T20:56:47-08:00,4,40
projects/projects.js,29,js,275792a2,MManiSSingh,2025-02-14,20:56:47,-08:00,2025-02-14T20:56:47-08:00,4,29
projects/projects.js,30,js,275792a2,MManiSSingh,2025-02-14,20:56:47,-08:00,2025-02-14T20:56:47-08:00,4,32
projects/projects.js,31,js,275792a2,MManiSSingh,2025-02-14,20:56:47,-08:00,2025-02-14T20:56:47-08:00,4,30
projects/projects.js,32,js,275792a2,MManiSSingh,2025-02-14,20:56:47,-08:00,2025-02-14T20:56:47-08:00,0,0
projects/projects.js,33,js,275792a2,MManiSSingh,2025-02-14,20:56:47,-08:00,2025-02-14T20:56:47-08:00,4,57
projects/projects.js,34,js,275792a2,MManiSSingh,2025-02-14,20:56:47,-08:00,2025-02-14T20:56:47-08:00,4,48
projects/projects.js,35,js,275792a2,MManiSSingh,2025-02-14,20:56:47,-08:00,2025-02-14T20:56:47-08:00,4,36
projects/projects.js,36,js,275792a2,MManiSSingh,2025-02-14,20:56:47,-08:00,2025-02-14T20:56:47-08:00,0,0
projects/projects.js,37,js,0e665ec0,MManiSSingh,2025-02-14,21:13:39,-08:00,2025-02-14T21:13:39-08:00,4,17
projects/projects.js,38,js,275792a2,MManiSSingh,2025-02-14,20:56:47,-08:00,2025-02-14T20:56:47-08:00,4,19
projects/projects.js,39,js,275792a2,MManiSSingh,2025-02-14,20:56:47,-08:00,2025-02-14T20:56:47-08:00,6,12
projects/projects.js,40,js,275792a2,MManiSSingh,2025-02-14,20:56:47,-08:00,2025-02-14T20:56:47-08:00,6,6
projects/projects.js,41,js,275792a2,MManiSSingh,2025-02-14,20:56:47,-08:00,2025-02-14T20:56:47-08:00,6,13
projects/projects.js,42,js,275792a2,MManiSSingh,2025-02-14,20:56:47,-08:00,2025-02-14T20:56:47-08:00,6,22
projects/projects.js,43,js,275792a2,MManiSSingh,2025-02-14,20:56:47,-08:00,2025-02-14T20:56:47-08:00,6,36
projects/projects.js,44,js,275792a2,MManiSSingh,2025-02-14,20:56:47,-08:00,2025-02-14T20:56:47-08:00,6,21
projects/projects.js,45,js,0e665ec0,MManiSSingh,2025-02-14,21:13:39,-08:00,2025-02-14T21:13:39-08:00,6,22
projects/projects.js,46,js,69a1ae26,MManiSSingh,2025-02-14,21:22:35,-08:00,2025-02-14T21:22:35-08:00,6,70
projects/projects.js,47,js,69a1ae26,MManiSSingh,2025-02-14,21:22:35,-08:00,2025-02-14T21:22:35-08:00,6,31
projects/projects.js,48,js,69a1ae26,MManiSSingh,2025-02-14,21:22:35,-08:00,2025-02-14T21:22:35-08:00,8,34
projects/projects.js,49,js,69a1ae26,MManiSSingh,2025-02-14,21:22:35,-08:00,2025-02-14T21:22:35-08:00,10,30
projects/projects.js,50,js,dd6370cc,MManiSSingh,2025-02-14,21:19:57,-08:00,2025-02-14T21:19:57-08:00,8,6
projects/projects.js,51,js,69a1ae26,MManiSSingh,2025-02-14,21:22:35,-08:00,2025-02-14T21:22:35-08:00,10,45
projects/projects.js,52,js,dd6370cc,MManiSSingh,2025-02-14,21:19:57,-08:00,2025-02-14T21:19:57-08:00,8,0
projects/projects.js,53,js,0e665ec0,MManiSSingh,2025-02-14,21:13:39,-08:00,2025-02-14T21:13:39-08:00,8,23
projects/projects.js,54,js,0e665ec0,MManiSSingh,2025-02-14,21:13:39,-08:00,2025-02-14T21:13:39-08:00,6,1
projects/projects.js,55,js,275792a2,MManiSSingh,2025-02-14,20:56:47,-08:00,2025-02-14T20:56:47-08:00,0,0
projects/projects.js,56,js,0e665ec0,MManiSSingh,2025-02-14,21:13:39,-08:00,2025-02-14T21:13:39-08:00,4,14
projects/projects.js,57,js,275792a2,MManiSSingh,2025-02-14,20:56:47,-08:00,2025-02-14T20:56:47-08:00,4,27
projects/projects.js,58,js,0e665ec0,MManiSSingh,2025-02-14,21:13:39,-08:00,2025-02-14T21:13:39-08:00,6,34
projects/projects.js,59,js,275792a2,MManiSSingh,2025-02-14,20:56:47,-08:00,2025-02-14T20:56:47-08:00,8,42
projects/projects.js,60,js,275792a2,MManiSSingh,2025-02-14,20:56:47,-08:00,2025-02-14T20:56:47-08:00,8,27
projects/projects.js,61,js,0e665ec0,MManiSSingh,2025-02-14,21:13:39,-08:00,2025-02-14T21:13:39-08:00,8,68
projects/projects.js,62,js,0e665ec0,MManiSSingh,2025-02-14,21:13:39,-08:00,2025-02-14T21:13:39-08:00,8,18
projects/projects.js,63,js,69a1ae26,MManiSSingh,2025-02-14,21:22:35,-08:00,2025-02-14T21:22:35-08:00,10,29
projects/projects.js,64,js,dd6370cc,MManiSSingh,2025-02-14,21:19:57,-08:00,2025-02-14T21:19:57-08:00,12,18
projects/projects.js,65,js,dd6370cc,MManiSSingh,2025-02-14,21:19:57,-08:00,2025-02-14T21:19:57-08:00,10,6
projects/projects.js,66,js,dd6370cc,MManiSSingh,2025-02-14,21:19:57,-08:00,2025-02-14T21:19:57-08:00,12,21
projects/projects.js,67,js,dd6370cc,MManiSSingh,2025-02-14,21:19:57,-08:00,2025-02-14T21:19:57-08:00,10,0
projects/projects.js,68,js,0e665ec0,MManiSSingh,2025-02-14,21:13:39,-08:00,2025-02-14T21:13:39-08:00,10,23
projects/projects.js,69,js,0e665ec0,MManiSSingh,2025-02-14,21:13:39,-08:00,2025-02-14T21:13:39-08:00,8,1
projects/projects.js,70,js,0e665ec0,MManiSSingh,2025-02-14,21:13:39,-08:00,2025-02-14T21:13:39-08:00,0,0
projects/projects.js,71,js,69a1ae26,MManiSSingh,2025-02-14,21:22:35,-08:00,2025-02-14T21:22:35-08:00,6,29
projects/projects.js,72,js,0e665ec0,MManiSSingh,2025-02-14,21:13:39,-08:00,2025-02-14T21:13:39-08:00,8,35
projects/projects.js,73,js,0e665ec0,MManiSSingh,2025-02-14,21:13:39,-08:00,2025-02-14T21:13:39-08:00,6,0
projects/projects.js,74,js,275792a2,MManiSSingh,2025-02-14,20:56:47,-08:00,2025-02-14T20:56:47-08:00,4,1
projects/projects.js,75,js,275792a2,MManiSSingh,2025-02-14,20:56:47,-08:00,2025-02-14T20:56:47-08:00,2,0
projects/projects.js,76,js,275792a2,MManiSSingh,2025-02-14,20:56:47,-08:00,2025-02-14T20:56:47-08:00,0,0
projects/projects.js,77,js,0e665ec0,MManiSSingh,2025-02-14,21:13:39,-08:00,2025-02-14T21:13:39-08:00,2,33
projects/projects.js,78,js,275792a2,MManiSSingh,2025-02-14,20:56:47,-08:00,2025-02-14T20:56:47-08:00,4,51
projects/projects.js,79,js,275792a2,MManiSSingh,2025-02-14,20:56:47,-08:00,2025-02-14T20:56:47-08:00,6,59
projects/projects.js,80,js,0e665ec0,MManiSSingh,2025-02-14,21:13:39,-08:00,2025-02-14T21:13:39-08:00,6,41
projects/projects.js,81,js,dd6370cc,MManiSSingh,2025-02-14,21:19:57,-08:00,2025-02-14T21:19:57-08:00,6,71
projects/projects.js,82,js,0e665ec0,MManiSSingh,2025-02-14,21:13:39,-08:00,2025-02-14T21:13:39-08:00,6,34
projects/projects.js,83,js,275792a2,MManiSSingh,2025-02-14,20:56:47,-08:00,2025-02-14T20:56:47-08:00,4,1
projects/projects.js,84,js,275792a2,MManiSSingh,2025-02-14,20:56:47,-08:00,2025-02-14T20:56:47-08:00,0,0
projects/projects.js,85,js,3c1efdb8,MManiSSingh,2025-02-14,21:04:41,-08:00,2025-02-14T21:04:41-08:00,4,31
projects/projects.js,86,js,275792a2,MManiSSingh,2025-02-14,20:56:47,-08:00,2025-02-14T20:56:47-08:00,4,56
projects/projects.js,87,js,275792a2,MManiSSingh,2025-02-14,20:56:47,-08:00,2025-02-14T20:56:47-08:00,4,31
projects/projects.js,88,js,0e665ec0,MManiSSingh,2025-02-14,21:13:39,-08:00,2025-02-14T21:13:39-08:00,2,0
projects/projects.js,89,js,0e665ec0,MManiSSingh,2025-02-14,21:13:39,-08:00,2025-02-14T21:13:39-08:00,0,0
projects/projects.js,90,js,0e665ec0,MManiSSingh,2025-02-14,21:13:39,-08:00,2025-02-14T21:13:39-08:00,2,23
projects/projects.js,91,js,0e665ec0,MManiSSingh,2025-02-14,21:13:39,-08:00,2025-02-14T21:13:39-08:00,0,0
projects/projects.js,92,js,0e665ec0,MManiSSingh,2025-02-14,21:13:39,-08:00,2025-02-14T21:13:39-08:00,2,48
projects/projects.js,93,js,0e665ec0,MManiSSingh,2025-02-14,21:13:39,-08:00,2025-02-14T21:13:39-08:00,4,39
projects/projects.js,94,js,0e665ec0,MManiSSingh,2025-02-14,21:13:39,-08:00,2025-02-14T21:13:39-08:00,4,23
projects/projects.js,95,js,bf3c334a,MManiSSingh,2025-02-14,19:28:05,-08:00,2025-02-14T19:28:05-08:00,2,1
projects/projects.js,96,js,275792a2,MManiSSingh,2025-02-14,20:56:47,-08:00,2025-02-14T20:56:47-08:00,0,0
projects/projects.js,97,js,f301333f,MManiSSingh,2025-02-14,18:48:33,-08:00,2025-02-14T18:48:33-08:00,0,3
projects/index.html,1,html,8f881486,MManiSSingh,2025-01-10,17:03:59,-08:00,2025-01-10T17:03:59-08:00,0,13
projects/index.html,2,html,13bf2d60,MManiSSingh,2025-02-14,16:44:18,-08:00,2025-02-14T16:44:18-08:00,0,14
projects/index.html,3,html,8f881486,MManiSSingh,2025-01-10,17:03:59,-08:00,2025-01-10T17:03:59-08:00,0,4
projects/index.html,4,html,8f881486,MManiSSingh,2025-01-10,17:03:59,-08:00,2025-01-10T17:03:59-08:00,2,20
projects/index.html,5,html,8f881486,MManiSSingh,2025-01-10,17:03:59,-08:00,2025-01-10T17:03:59-08:00,2,68
projects/index.html,6,html,13bf2d60,MManiSSingh,2025-02-14,16:44:18,-08:00,2025-02-14T16:44:18-08:00,2,39
projects/index.html,7,html,80f1c06d,MManiSSingh,2025-01-17,19:26:11,-08:00,2025-01-17T19:26:11-08:00,2,5
projects/index.html,8,html,80f1c06d,MManiSSingh,2025-01-17,19:26:11,-08:00,2025-01-17T19:26:11-08:00,4,5
projects/index.html,9,html,13bf2d60,MManiSSingh,2025-02-14,16:44:18,-08:00,2025-02-14T16:44:18-08:00,6,33
projects/index.html,10,html,13bf2d60,MManiSSingh,2025-02-14,16:44:18,-08:00,2025-02-14T16:44:18-08:00,6,57
projects/index.html,11,html,80f1c06d,MManiSSingh,2025-01-17,19:26:11,-08:00,2025-01-17T19:26:11-08:00,4,0
projects/index.html,12,html,13bf2d60,MManiSSingh,2025-02-14,16:44:18,-08:00,2025-02-14T16:44:18-08:00,0,0
projects/index.html,13,html,80f1c06d,MManiSSingh,2025-01-17,19:26:11,-08:00,2025-01-17T19:26:11-08:00,4,4
projects/index.html,14,html,80f1c06d,MManiSSingh,2025-01-17,19:26:11,-08:00,2025-01-17T19:26:11-08:00,6,32
projects/index.html,15,html,80f1c06d,MManiSSingh,2025-01-17,19:26:11,-08:00,2025-01-17T19:26:11-08:00,4,0
projects/index.html,16,html,13bf2d60,MManiSSingh,2025-02-14,16:44:18,-08:00,2025-02-14T16:44:18-08:00,0,0
projects/index.html,17,html,80f1c06d,MManiSSingh,2025-01-17,19:26:11,-08:00,2025-01-17T19:26:11-08:00,4,4
projects/index.html,18,html,13bf2d60,MManiSSingh,2025-02-14,16:44:18,-08:00,2025-02-14T16:44:18-08:00,6,15
projects/index.html,19,html,13bf2d60,MManiSSingh,2025-02-14,16:44:18,-08:00,2025-02-14T16:44:18-08:00,6,18
projects/index.html,20,html,13bf2d60,MManiSSingh,2025-02-14,16:44:18,-08:00,2025-02-14T16:44:18-08:00,6,12
projects/index.html,21,html,80f1c06d,MManiSSingh,2025-01-17,19:26:11,-08:00,2025-01-17T19:26:11-08:00,4,0
projects/index.html,22,html,13bf2d60,MManiSSingh,2025-02-14,16:44:18,-08:00,2025-02-14T16:44:18-08:00,0,0
projects/index.html,23,html,80f1c06d,MManiSSingh,2025-01-17,19:26:11,-08:00,2025-01-17T19:26:11-08:00,4,3
projects/index.html,24,html,80f1c06d,MManiSSingh,2025-01-17,19:26:11,-08:00,2025-01-17T19:26:11-08:00,6,12
projects/index.html,25,html,80f1c06d,MManiSSingh,2025-01-17,19:26:11,-08:00,2025-01-17T19:26:11-08:00,6,8
projects/index.html,26,html,80f1c06d,MManiSSingh,2025-01-17,19:26:11,-08:00,2025-01-17T19:26:11-08:00,6,18
projects/index.html,27,html,09ddb033,MManiSSingh,2025-01-31,20:26:28,-08:00,2025-01-31T20:26:28-08:00,6,39
projects/index.html,28,html,09ddb033,MManiSSingh,2025-01-31,20:26:28,-08:00,2025-01-31T20:26:28-08:00,6,43
projects/index.html,29,html,80f1c06d,MManiSSingh,2025-01-17,19:26:11,-08:00,2025-01-17T19:26:11-08:00,4,0
projects/index.html,30,html,13bf2d60,MManiSSingh,2025-02-14,16:44:18,-08:00,2025-02-14T16:44:18-08:00,0,0
projects/index.html,31,html,80f1c06d,MManiSSingh,2025-01-17,19:26:11,-08:00,2025-01-17T19:26:11-08:00,4,5
projects/index.html,32,html,80f1c06d,MManiSSingh,2025-01-17,19:26:11,-08:00,2025-01-17T19:26:11-08:00,6,6
projects/index.html,33,html,80f1c06d,MManiSSingh,2025-01-17,19:26:11,-08:00,2025-01-17T19:26:11-08:00,6,17
projects/index.html,34,html,80f1c06d,MManiSSingh,2025-01-17,19:26:11,-08:00,2025-01-17T19:26:11-08:00,6,20
projects/index.html,35,html,80f1c06d,MManiSSingh,2025-01-17,19:26:11,-08:00,2025-01-17T19:26:11-08:00,6,13
projects/index.html,36,html,80f1c06d,MManiSSingh,2025-01-17,19:26:11,-08:00,2025-01-17T19:26:11-08:00,6,13
projects/index.html,37,html,13bf2d60,MManiSSingh,2025-02-14,16:44:18,-08:00,2025-02-14T16:44:18-08:00,4,0
projects/index.html,38,html,13bf2d60,MManiSSingh,2025-02-14,16:44:18,-08:00,2025-02-14T16:44:18-08:00,0,0
projects/index.html,39,html,80f1c06d,MManiSSingh,2025-01-17,19:26:11,-08:00,2025-01-17T19:26:11-08:00,4,11
projects/index.html,40,html,80f1c06d,MManiSSingh,2025-01-17,19:26:11,-08:00,2025-01-17T19:26:11-08:00,6,45
projects/index.html,41,html,80f1c06d,MManiSSingh,2025-01-17,19:26:11,-08:00,2025-01-17T19:26:11-08:00,6,20
projects/index.html,42,html,09ddb033,MManiSSingh,2025-01-31,20:26:28,-08:00,2025-01-31T20:26:28-08:00,6,69
projects/index.html,43,html,80f1c06d,MManiSSingh,2025-01-17,19:26:11,-08:00,2025-01-17T19:26:11-08:00,4,0
projects/index.html,44,html,13bf2d60,MManiSSingh,2025-02-14,16:44:18,-08:00,2025-02-14T16:44:18-08:00,0,0
projects/index.html,45,html,80f1c06d,MManiSSingh,2025-01-17,19:26:11,-08:00,2025-01-17T19:26:11-08:00,4,13
projects/index.html,46,html,80f1c06d,MManiSSingh,2025-01-17,19:26:11,-08:00,2025-01-17T19:26:11-08:00,6,16
projects/index.html,47,html,13bf2d60,MManiSSingh,2025-02-14,16:44:18,-08:00,2025-02-14T16:44:18-08:00,6,25
projects/index.html,48,html,80f1c06d,MManiSSingh,2025-01-17,19:26:11,-08:00,2025-01-17T19:26:11-08:00,6,43
projects/index.html,49,html,80f1c06d,MManiSSingh,2025-01-17,19:26:11,-08:00,2025-01-17T19:26:11-08:00,6,20
projects/index.html,50,html,80f1c06d,MManiSSingh,2025-01-17,19:26:11,-08:00,2025-01-17T19:26:11-08:00,4,0
projects/index.html,51,html,9b99cb37,MManiSSingh,2025-01-17,19:30:41,-08:00,2025-01-17T19:30:41-08:00,0,0
projects/index.html,52,html,13bf2d60,MManiSSingh,2025-02-14,16:44:18,-08:00,2025-02-14T16:44:18-08:00,4,22
projects/index.html,53,html,13bf2d60,MManiSSingh,2025-02-14,16:44:18,-08:00,2025-02-14T16:44:18-08:00,6,15
projects/index.html,54,html,13bf2d60,MManiSSingh,2025-02-14,16:44:18,-08:00,2025-02-14T16:44:18-08:00,4,0
projects/index.html,55,html,13bf2d60,MManiSSingh,2025-02-14,16:44:18,-08:00,2025-02-14T16:44:18-08:00,0,0
projects/index.html,56,html,13bf2d60,MManiSSingh,2025-02-14,16:44:18,-08:00,2025-02-14T16:44:18-08:00,4,2
projects/index.html,57,html,13bf2d60,MManiSSingh,2025-02-14,16:44:18,-08:00,2025-02-14T16:44:18-08:00,6,14
projects/index.html,58,html,7b984af4,MManiSSingh,2025-02-14,20:52:12,-08:00,2025-02-14T20:52:12-08:00,6,17
projects/index.html,59,html,13bf2d60,MManiSSingh,2025-02-14,16:44:18,-08:00,2025-02-14T16:44:18-08:00,4,0
projects/index.html,60,html,13bf2d60,MManiSSingh,2025-02-14,16:44:18,-08:00,2025-02-14T16:44:18-08:00,0,0
projects/index.html,61,html,13bf2d60,MManiSSingh,2025-02-14,16:44:18,-08:00,2025-02-14T16:44:18-08:00,4,9
projects/index.html,62,html,13bf2d60,MManiSSingh,2025-02-14,16:44:18,-08:00,2025-02-14T16:44:18-08:00,6,12
projects/index.html,63,html,13bf2d60,MManiSSingh,2025-02-14,16:44:18,-08:00,2025-02-14T16:44:18-08:00,6,58
projects/index.html,64,html,13bf2d60,MManiSSingh,2025-02-14,16:44:18,-08:00,2025-02-14T16:44:18-08:00,6,7
projects/index.html,65,html,13bf2d60,MManiSSingh,2025-02-14,16:44:18,-08:00,2025-02-14T16:44:18-08:00,4,0
projects/index.html,66,html,13bf2d60,MManiSSingh,2025-02-14,16:44:18,-08:00,2025-02-14T16:44:18-08:00,0,0
projects/index.html,67,html,13bf2d60,MManiSSingh,2025-02-14,16:44:18,-08:00,2025-02-14T16:44:18-08:00,4,7
projects/index.html,68,html,13bf2d60,MManiSSingh,2025-02-14,16:44:18,-08:00,2025-02-14T16:44:18-08:00,6,12
projects/index.html,69,html,13bf2d60,MManiSSingh,2025-02-14,16:44:18,-08:00,2025-02-14T16:44:18-08:00,6,26
projects/index.html,70,html,13bf2d60,MManiSSingh,2025-02-14,16:44:18,-08:00,2025-02-14T16:44:18-08:00,6,15
projects/index.html,71,html,13bf2d60,MManiSSingh,2025-02-14,16:44:18,-08:00,2025-02-14T16:44:18-08:00,6,36
projects/index.html,72,html,13bf2d60,MManiSSingh,2025-02-14,16:44:18,-08:00,2025-02-14T16:44:18-08:00,6,15
projects/index.html,73,html,13bf2d60,MManiSSingh,2025-02-14,16:44:18,-08:00,2025-02-14T16:44:18-08:00,6,20
projects/index.html,74,html,13bf2d60,MManiSSingh,2025-02-14,16:44:18,-08:00,2025-02-14T16:44:18-08:00,6,23
projects/index.html,75,html,13bf2d60,MManiSSingh,2025-02-14,16:44:18,-08:00,2025-02-14T16:44:18-08:00,6,16
projects/index.html,76,html,13bf2d60,MManiSSingh,2025-02-14,16:44:18,-08:00,2025-02-14T16:44:18-08:00,4,0
projects/index.html,77,html,13bf2d60,MManiSSingh,2025-02-14,16:44:18,-08:00,2025-02-14T16:44:18-08:00,0,0
projects/index.html,78,html,13bf2d60,MManiSSingh,2025-02-14,16:44:18,-08:00,2025-02-14T16:44:18-08:00,4,2
projects/index.html,79,html,13bf2d60,MManiSSingh,2025-02-14,16:44:18,-08:00,2025-02-14T16:44:18-08:00,6,8
projects/index.html,80,html,7b984af4,MManiSSingh,2025-02-14,20:52:12,-08:00,2025-02-14T20:52:12-08:00,6,17
projects/index.html,81,html,13bf2d60,MManiSSingh,2025-02-14,16:44:18,-08:00,2025-02-14T16:44:18-08:00,4,0
projects/index.html,82,html,13bf2d60,MManiSSingh,2025-02-14,16:44:18,-08:00,2025-02-14T16:44:18-08:00,0,0
projects/index.html,83,html,13bf2d60,MManiSSingh,2025-02-14,16:44:18,-08:00,2025-02-14T16:44:18-08:00,4,3
projects/index.html,84,html,13bf2d60,MManiSSingh,2025-02-14,16:44:18,-08:00,2025-02-14T16:44:18-08:00,6,14
projects/index.html,85,html,13bf2d60,MManiSSingh,2025-02-14,16:44:18,-08:00,2025-02-14T16:44:18-08:00,6,11
projects/index.html,86,html,13bf2d60,MManiSSingh,2025-02-14,16:44:18,-08:00,2025-02-14T16:44:18-08:00,6,13
projects/index.html,87,html,13bf2d60,MManiSSingh,2025-02-14,16:44:18,-08:00,2025-02-14T16:44:18-08:00,6,21
projects/index.html,88,html,13bf2d60,MManiSSingh,2025-02-14,16:44:18,-08:00,2025-02-14T16:44:18-08:00,6,21
projects/index.html,89,html,13bf2d60,MManiSSingh,2025-02-14,16:44:18,-08:00,2025-02-14T16:44:18-08:00,4,0
projects/index.html,90,html,13bf2d60,MManiSSingh,2025-02-14,16:44:18,-08:00,2025-02-14T16:44:18-08:00,0,0
projects/index.html,91,html,13bf2d60,MManiSSingh,2025-02-14,16:44:18,-08:00,2025-02-14T16:44:18-08:00,4,1
projects/index.html,92,html,13bf2d60,MManiSSingh,2025-02-14,16:44:18,-08:00,2025-02-14T16:44:18-08:00,6,8
projects/index.html,93,html,13bf2d60,MManiSSingh,2025-02-14,16:44:18,-08:00,2025-02-14T16:44:18-08:00,4,0
projects/index.html,94,html,13bf2d60,MManiSSingh,2025-02-14,16:44:18,-08:00,2025-02-14T16:44:18-08:00,0,0
projects/index.html,95,html,13bf2d60,MManiSSingh,2025-02-14,16:44:18,-08:00,2025-02-14T16:44:18-08:00,4,22
projects/index.html,96,html,09ddb033,MManiSSingh,2025-01-31,20:26:28,-08:00,2025-01-31T20:26:28-08:00,4,13
projects/index.html,97,html,09ddb033,MManiSSingh,2025-01-31,20:26:28,-08:00,2025-01-31T20:26:28-08:00,6,17
projects/index.html,98,html,09ddb033,MManiSSingh,2025-01-31,20:26:28,-08:00,2025-01-31T20:26:28-08:00,6,8
projects/index.html,99,html,09ddb033,MManiSSingh,2025-01-31,20:26:28,-08:00,2025-01-31T20:26:28-08:00,6,10
projects/index.html,100,html,09ddb033,MManiSSingh,2025-01-31,20:26:28,-08:00,2025-01-31T20:26:28-08:00,6,13
projects/index.html,101,html,09ddb033,MManiSSingh,2025-01-31,20:26:28,-08:00,2025-01-31T20:26:28-08:00,6,19
projects/index.html,102,html,09ddb033,MManiSSingh,2025-01-31,20:26:28,-08:00,2025-01-31T20:26:28-08:00,4,0
projects/index.html,103,html,13bf2d60,MManiSSingh,2025-02-14,16:44:18,-08:00,2025-02-14T16:44:18-08:00,0,0
projects/index.html,104,html,09ddb033,MManiSSingh,2025-01-31,20:26:28,-08:00,2025-01-31T20:26:28-08:00,4,20
projects/index.html,105,html,09ddb033,MManiSSingh,2025-01-31,20:26:28,-08:00,2025-01-31T20:26:28-08:00,6,19
projects/index.html,106,html,09ddb033,MManiSSingh,2025-01-31,20:26:28,-08:00,2025-01-31T20:26:28-08:00,4,0
projects/index.html,107,html,db767205,MManiSSingh,2025-02-14,17:07:09,-08:00,2025-02-14T17:07:09-08:00,0,0
projects/index.html,108,html,88432afe,MManiSSingh,2025-02-14,21:09:30,-08:00,2025-02-14T21:09:30-08:00,4,43
projects/index.html,109,html,63fd23b6,MManiSSingh,2025-02-14,19:28:03,-08:00,2025-02-14T19:28:03-08:00,4,10
projects/index.html,110,html,63fd23b6,MManiSSingh,2025-02-14,19:28:03,-08:00,2025-02-14T19:28:03-08:00,6,12
projects/index.html,111,html,88432afe,MManiSSingh,2025-02-14,21:09:30,-08:00,2025-02-14T21:09:30-08:00,6,47
projects/index.html,112,html,88432afe,MManiSSingh,2025-02-14,21:09:30,-08:00,2025-02-14T21:09:30-08:00,6,18
projects/index.html,113,html,88432afe,MManiSSingh,2025-02-14,21:09:30,-08:00,2025-02-14T21:09:30-08:00,6,22
projects/index.html,114,html,88432afe,MManiSSingh,2025-02-14,21:09:30,-08:00,2025-02-14T21:09:30-08:00,6,49
projects/index.html,115,html,63fd23b6,MManiSSingh,2025-02-14,19:28:03,-08:00,2025-02-14T19:28:03-08:00,4,0
projects/index.html,116,html,63fd23b6,MManiSSingh,2025-02-14,19:28:03,-08:00,2025-02-14T19:28:03-08:00,0,0
projects/index.html,117,html,db767205,MManiSSingh,2025-02-14,17:07:09,-08:00,2025-02-14T17:07:09-08:00,4,21
projects/index.html,118,html,db767205,MManiSSingh,2025-02-14,17:07:09,-08:00,2025-02-14T17:07:09-08:00,4,18
projects/index.html,119,html,db767205,MManiSSingh,2025-02-14,17:07:09,-08:00,2025-02-14T17:07:09-08:00,6,14
projects/index.html,120,html,db767205,MManiSSingh,2025-02-14,17:07:09,-08:00,2025-02-14T17:07:09-08:00,6,16
projects/index.html,121,html,db767205,MManiSSingh,2025-02-14,17:07:09,-08:00,2025-02-14T17:07:09-08:00,6,13
projects/index.html,122,html,63fd23b6,MManiSSingh,2025-02-14,19:28:03,-08:00,2025-02-14T19:28:03-08:00,4,0
projects/index.html,123,html,63fd23b6,MManiSSingh,2025-02-14,19:28:03,-08:00,2025-02-14T19:28:03-08:00,0,0
projects/index.html,124,html,88432afe,MManiSSingh,2025-02-14,21:09:30,-08:00,2025-02-14T21:09:30-08:00,4,40
projects/index.html,125,html,63fd23b6,MManiSSingh,2025-02-14,19:28:03,-08:00,2025-02-14T19:28:03-08:00,4,7
projects/index.html,126,html,88432afe,MManiSSingh,2025-02-14,21:09:30,-08:00,2025-02-14T21:09:30-08:00,6,12
projects/index.html,127,html,88432afe,MManiSSingh,2025-02-14,21:09:30,-08:00,2025-02-14T21:09:30-08:00,6,21
projects/index.html,128,html,88432afe,MManiSSingh,2025-02-14,21:09:30,-08:00,2025-02-14T21:09:30-08:00,6,10
projects/index.html,129,html,63fd23b6,MManiSSingh,2025-02-14,19:28:03,-08:00,2025-02-14T19:28:03-08:00,6,12
projects/index.html,130,html,63fd23b6,MManiSSingh,2025-02-14,19:28:03,-08:00,2025-02-14T19:28:03-08:00,6,36
projects/index.html,131,html,63fd23b6,MManiSSingh,2025-02-14,19:28:03,-08:00,2025-02-14T19:28:03-08:00,6,20
projects/index.html,132,html,63fd23b6,MManiSSingh,2025-02-14,19:28:03,-08:00,2025-02-14T19:28:03-08:00,6,69
projects/index.html,133,html,88432afe,MManiSSingh,2025-02-14,21:09:30,-08:00,2025-02-14T21:09:30-08:00,6,47
projects/index.html,134,html,63fd23b6,MManiSSingh,2025-02-14,19:28:03,-08:00,2025-02-14T19:28:03-08:00,4,0
projects/index.html,135,html,63fd23b6,MManiSSingh,2025-02-14,19:28:03,-08:00,2025-02-14T19:28:03-08:00,0,0
projects/index.html,136,html,63fd23b6,MManiSSingh,2025-02-14,19:28:03,-08:00,2025-02-14T19:28:03-08:00,4,16
projects/index.html,137,html,63fd23b6,MManiSSingh,2025-02-14,19:28:03,-08:00,2025-02-14T19:28:03-08:00,4,12
projects/index.html,138,html,63fd23b6,MManiSSingh,2025-02-14,19:28:03,-08:00,2025-02-14T19:28:03-08:00,6,12
projects/index.html,139,html,63fd23b6,MManiSSingh,2025-02-14,19:28:03,-08:00,2025-02-14T19:28:03-08:00,6,18
projects/index.html,140,html,63fd23b6,MManiSSingh,2025-02-14,19:28:03,-08:00,2025-02-14T19:28:03-08:00,6,10
projects/index.html,141,html,63fd23b6,MManiSSingh,2025-02-14,19:28:03,-08:00,2025-02-14T19:28:03-08:00,6,14
projects/index.html,142,html,268c0f17,MManiSSingh,2025-02-14,21:13:37,-08:00,2025-02-14T21:13:37-08:00,6,43
projects/index.html,143,html,63fd23b6,MManiSSingh,2025-02-14,19:28:03,-08:00,2025-02-14T19:28:03-08:00,4,0
projects/index.html,144,html,63fd23b6,MManiSSingh,2025-02-14,19:28:03,-08:00,2025-02-14T19:28:03-08:00,0,0
projects/index.html,145,html,63fd23b6,MManiSSingh,2025-02-14,19:28:03,-08:00,2025-02-14T19:28:03-08:00,4,31
projects/index.html,146,html,63fd23b6,MManiSSingh,2025-02-14,19:28:03,-08:00,2025-02-14T19:28:03-08:00,4,7
projects/index.html,147,html,63fd23b6,MManiSSingh,2025-02-14,19:28:03,-08:00,2025-02-14T19:28:03-08:00,6,9
projects/index.html,148,html,63fd23b6,MManiSSingh,2025-02-14,19:28:03,-08:00,2025-02-14T19:28:03-08:00,6,10
projects/index.html,149,html,63fd23b6,MManiSSingh,2025-02-14,19:28:03,-08:00,2025-02-14T19:28:03-08:00,6,17
projects/index.html,150,html,63fd23b6,MManiSSingh,2025-02-14,19:28:03,-08:00,2025-02-14T19:28:03-08:00,6,29
projects/index.html,151,html,63fd23b6,MManiSSingh,2025-02-14,19:28:03,-08:00,2025-02-14T19:28:03-08:00,6,20
projects/index.html,152,html,db767205,MManiSSingh,2025-02-14,17:07:09,-08:00,2025-02-14T17:07:09-08:00,4,0
projects/index.html,153,html,cf2301a8,MManiSSingh,2025-02-14,20:56:44,-08:00,2025-02-14T20:56:44-08:00,0,0
projects/index.html,154,html,268c0f17,MManiSSingh,2025-02-14,21:13:37,-08:00,2025-02-14T21:13:37-08:00,4,30
projects/index.html,155,html,268c0f17,MManiSSingh,2025-02-14,21:13:37,-08:00,2025-02-14T21:13:37-08:00,4,36
projects/index.html,156,html,268c0f17,MManiSSingh,2025-02-14,21:13:37,-08:00,2025-02-14T21:13:37-08:00,6,11
projects/index.html,157,html,268c0f17,MManiSSingh,2025-02-14,21:13:37,-08:00,2025-02-14T21:13:37-08:00,4,0
projects/index.html,158,html,268c0f17,MManiSSingh,2025-02-14,21:13:37,-08:00,2025-02-14T21:13:37-08:00,0,0
projects/index.html,159,html,268c0f17,MManiSSingh,2025-02-14,21:13:37,-08:00,2025-02-14T21:13:37-08:00,4,4
projects/index.html,160,html,268c0f17,MManiSSingh,2025-02-14,21:13:37,-08:00,2025-02-14T21:13:37-08:00,6,16
projects/index.html,161,html,268c0f17,MManiSSingh,2025-02-14,21:13:37,-08:00,2025-02-14T21:13:37-08:00,6,14
projects/index.html,162,html,268c0f17,MManiSSingh,2025-02-14,21:13:37,-08:00,2025-02-14T21:13:37-08:00,4,0
projects/index.html,163,html,268c0f17,MManiSSingh,2025-02-14,21:13:37,-08:00,2025-02-14T21:13:37-08:00,0,0
projects/index.html,164,html,268c0f17,MManiSSingh,2025-02-14,21:13:37,-08:00,2025-02-14T21:13:37-08:00,4,28
projects/index.html,165,html,268c0f17,MManiSSingh,2025-02-14,21:13:37,-08:00,2025-02-14T21:13:37-08:00,4,9
projects/index.html,166,html,268c0f17,MManiSSingh,2025-02-14,21:13:37,-08:00,2025-02-14T21:13:37-08:00,6,35
projects/index.html,167,html,268c0f17,MManiSSingh,2025-02-14,21:13:37,-08:00,2025-02-14T21:13:37-08:00,4,0
projects/index.html,168,html,268c0f17,MManiSSingh,2025-02-14,21:13:37,-08:00,2025-02-14T21:13:37-08:00,0,0
projects/index.html,169,html,268c0f17,MManiSSingh,2025-02-14,21:13:37,-08:00,2025-02-14T21:13:37-08:00,4,14
projects/index.html,170,html,268c0f17,MManiSSingh,2025-02-14,21:13:37,-08:00,2025-02-14T21:13:37-08:00,6,17
projects/index.html,171,html,268c0f17,MManiSSingh,2025-02-14,21:13:37,-08:00,2025-02-14T21:13:37-08:00,4,0
projects/index.html,172,html,268c0f17,MManiSSingh,2025-02-14,21:13:37,-08:00,2025-02-14T21:13:37-08:00,0,0
projects/index.html,173,html,268c0f17,MManiSSingh,2025-02-14,21:13:37,-08:00,2025-02-14T21:13:37-08:00,4,34
projects/index.html,174,html,268c0f17,MManiSSingh,2025-02-14,21:13:37,-08:00,2025-02-14T21:13:37-08:00,4,21
projects/index.html,175,html,268c0f17,MManiSSingh,2025-02-14,21:13:37,-08:00,2025-02-14T21:13:37-08:00,6,16
projects/index.html,176,html,268c0f17,MManiSSingh,2025-02-14,21:13:37,-08:00,2025-02-14T21:13:37-08:00,6,25
projects/index.html,177,html,268c0f17,MManiSSingh,2025-02-14,21:13:37,-08:00,2025-02-14T21:13:37-08:00,4,0
projects/index.html,178,html,268c0f17,MManiSSingh,2025-02-14,21:13:37,-08:00,2025-02-14T21:13:37-08:00,0,0
projects/index.html,179,html,cf2301a8,MManiSSingh,2025-02-14,20:56:44,-08:00,2025-02-14T20:56:44-08:00,4,14
projects/index.html,180,html,cf2301a8,MManiSSingh,2025-02-14,20:56:44,-08:00,2025-02-14T20:56:44-08:00,4,10
projects/index.html,181,html,cf2301a8,MManiSSingh,2025-02-14,20:56:44,-08:00,2025-02-14T20:56:44-08:00,6,10
projects/index.html,182,html,cf2301a8,MManiSSingh,2025-02-14,20:56:44,-08:00,2025-02-14T20:56:44-08:00,6,15
projects/index.html,183,html,cf2301a8,MManiSSingh,2025-02-14,20:56:44,-08:00,2025-02-14T20:56:44-08:00,6,15
projects/index.html,184,html,cf2301a8,MManiSSingh,2025-02-14,20:56:44,-08:00,2025-02-14T20:56:44-08:00,6,36
projects/index.html,185,html,cf2301a8,MManiSSingh,2025-02-14,20:56:44,-08:00,2025-02-14T20:56:44-08:00,6,20
projects/index.html,186,html,cf2301a8,MManiSSingh,2025-02-14,20:56:44,-08:00,2025-02-14T20:56:44-08:00,6,14
projects/index.html,187,html,cf2301a8,MManiSSingh,2025-02-14,20:56:44,-08:00,2025-02-14T20:56:44-08:00,6,17
projects/index.html,188,html,cf2301a8,MManiSSingh,2025-02-14,20:56:44,-08:00,2025-02-14T20:56:44-08:00,6,16
projects/index.html,189,html,cf2301a8,MManiSSingh,2025-02-14,20:56:44,-08:00,2025-02-14T20:56:44-08:00,6,13
projects/index.html,190,html,cf2301a8,MManiSSingh,2025-02-14,20:56:44,-08:00,2025-02-14T20:56:44-08:00,4,0
projects/index.html,191,html,80f1c06d,MManiSSingh,2025-01-17,19:26:11,-08:00,2025-01-17T19:26:11-08:00,2,6
projects/index.html,192,html,8f881486,MManiSSingh,2025-01-10,17:03:59,-08:00,2025-01-10T17:03:59-08:00,0,5
projects/index.html,193,html,8f881486,MManiSSingh,2025-01-10,17:03:59,-08:00,2025-01-10T17:03:59-08:00,0,4
projects/index.html,194,html,ef72040c,MManiSSingh,2025-01-31,17:05:42,-08:00,2025-01-31T17:05:42-08:00,0,0
projects/index.html,195,html,beb73826,MManiSSingh,2025-02-14,17:12:58,-08:00,2025-02-14T17:12:58-08:00,2,38
projects/index.html,196,html,63fd23b6,MManiSSingh,2025-02-14,19:28:03,-08:00,2025-02-14T19:28:03-08:00,0,0
projects/index.html,197,html,63fd23b6,MManiSSingh,2025-02-14,19:28:03,-08:00,2025-02-14T19:28:03-08:00,2,21
projects/index.html,198,html,63fd23b6,MManiSSingh,2025-02-14,19:28:03,-08:00,2025-02-14T19:28:03-08:00,4,58
projects/index.html,199,html,63fd23b6,MManiSSingh,2025-02-14,19:28:03,-08:00,2025-02-14T19:28:03-08:00,4,68
projects/index.html,200,html,63fd23b6,MManiSSingh,2025-02-14,19:28:03,-08:00,2025-02-14T19:28:03-08:00,2,4
projects/index.html,201,html,63fd23b6,MManiSSingh,2025-02-14,19:28:03,-08:00,2025-02-14T19:28:03-08:00,0,0
projects/index.html,202,html,cf2301a8,MManiSSingh,2025-02-14,20:56:44,-08:00,2025-02-14T20:56:44-08:00,2,17
projects/index.html,203,html,cf2301a8,MManiSSingh,2025-02-14,20:56:44,-08:00,2025-02-14T20:56:44-08:00,2,100
projects/index.html,204,html,cf2301a8,MManiSSingh,2025-02-14,20:56:44,-08:00,2025-02-14T20:56:44-08:00,0,0
projects/index.html,205,html,beb73826,MManiSSingh,2025-02-14,17:12:58,-08:00,2025-02-14T17:12:58-08:00,2,75
projects/index.html,206,html,beb73826,MManiSSingh,2025-02-14,17:12:58,-08:00,2025-02-14T17:12:58-08:00,0,0
projects/index.html,207,html,589713f2,MManiSSingh,2025-02-14,18:48:30,-08:00,2025-02-14T18:48:30-08:00,2,48
projects/index.html,208,html,589713f2,MManiSSingh,2025-02-14,18:48:30,-08:00,2025-02-14T18:48:30-08:00,2,47
projects/index.html,209,html,589713f2,MManiSSingh,2025-02-14,18:48:30,-08:00,2025-02-14T18:48:30-08:00,0,0
projects/index.html,210,html,8f881486,MManiSSingh,2025-01-10,17:03:59,-08:00,2025-01-10T17:03:59-08:00,0,5
projects/index.html,211,html,8f881486,MManiSSingh,2025-01-10,17:03:59,-08:00,2025-01-10T17:03:59-08:00,0,5
meta/index.html,1,html,04f92d1a,MManiSSingh,2025-02-14,21:35:19,-08:00,2025-02-14T21:35:19-08:00,0,13
meta/index.html,2,html,04f92d1a,MManiSSingh,2025-02-14,21:35:19,-08:00,2025-02-14T21:35:19-08:00,0,14
meta/index.html,3,html,04f92d1a,MManiSSingh,2025-02-14,21:35:19,-08:00,2025-02-14T21:35:19-08:00,0,4
meta/index.html,4,html,04f92d1a,MManiSSingh,2025-02-14,21:35:19,-08:00,2025-02-14T21:35:19-08:00,2,20
meta/index.html,5,html,04f92d1a,MManiSSingh,2025-02-14,21:35:19,-08:00,2025-02-14T21:35:19-08:00,2,68
meta/index.html,6,html,04f92d1a,MManiSSingh,2025-02-14,21:35:19,-08:00,2025-02-14T21:35:19-08:00,2,44
meta/index.html,7,html,04f92d1a,MManiSSingh,2025-02-14,21:35:19,-08:00,2025-02-14T21:35:19-08:00,2,5
meta/index.html,8,html,04f92d1a,MManiSSingh,2025-02-14,21:35:19,-08:00,2025-02-14T21:35:19-08:00,4,5
meta/index.html,9,html,04f92d1a,MManiSSingh,2025-02-14,21:35:19,-08:00,2025-02-14T21:35:19-08:00,6,33
meta/index.html,10,html,04f92d1a,MManiSSingh,2025-02-14,21:35:19,-08:00,2025-02-14T21:35:19-08:00,6,23
meta/index.html,11,html,04f92d1a,MManiSSingh,2025-02-14,21:35:19,-08:00,2025-02-14T21:35:19-08:00,4,0
meta/index.html,12,html,04f92d1a,MManiSSingh,2025-02-14,21:35:19,-08:00,2025-02-14T21:35:19-08:00,0,0
meta/index.html,13,html,04f92d1a,MManiSSingh,2025-02-14,21:35:19,-08:00,2025-02-14T21:35:19-08:00,4,4
meta/index.html,14,html,04f92d1a,MManiSSingh,2025-02-14,21:35:19,-08:00,2025-02-14T21:35:19-08:00,6,32
meta/index.html,15,html,04f92d1a,MManiSSingh,2025-02-14,21:35:19,-08:00,2025-02-14T21:35:19-08:00,4,0
meta/index.html,16,html,04f92d1a,MManiSSingh,2025-02-14,21:35:19,-08:00,2025-02-14T21:35:19-08:00,0,0
meta/index.html,17,html,04f92d1a,MManiSSingh,2025-02-14,21:35:19,-08:00,2025-02-14T21:35:19-08:00,4,4
meta/index.html,18,html,04f92d1a,MManiSSingh,2025-02-14,21:35:19,-08:00,2025-02-14T21:35:19-08:00,6,15
meta/index.html,19,html,04f92d1a,MManiSSingh,2025-02-14,21:35:19,-08:00,2025-02-14T21:35:19-08:00,6,18
meta/index.html,20,html,04f92d1a,MManiSSingh,2025-02-14,21:35:19,-08:00,2025-02-14T21:35:19-08:00,6,12
meta/index.html,21,html,04f92d1a,MManiSSingh,2025-02-14,21:35:19,-08:00,2025-02-14T21:35:19-08:00,4,0
meta/index.html,22,html,04f92d1a,MManiSSingh,2025-02-14,21:35:19,-08:00,2025-02-14T21:35:19-08:00,0,0
meta/index.html,23,html,04f92d1a,MManiSSingh,2025-02-14,21:35:19,-08:00,2025-02-14T21:35:19-08:00,4,3
meta/index.html,24,html,04f92d1a,MManiSSingh,2025-02-14,21:35:19,-08:00,2025-02-14T21:35:19-08:00,6,12
meta/index.html,25,html,04f92d1a,MManiSSingh,2025-02-14,21:35:19,-08:00,2025-02-14T21:35:19-08:00,6,8
meta/index.html,26,html,04f92d1a,MManiSSingh,2025-02-14,21:35:19,-08:00,2025-02-14T21:35:19-08:00,6,18
meta/index.html,27,html,04f92d1a,MManiSSingh,2025-02-14,21:35:19,-08:00,2025-02-14T21:35:19-08:00,6,43
meta/index.html,28,html,04f92d1a,MManiSSingh,2025-02-14,21:35:19,-08:00,2025-02-14T21:35:19-08:00,4,0
meta/index.html,29,html,04f92d1a,MManiSSingh,2025-02-14,21:35:19,-08:00,2025-02-14T21:35:19-08:00,0,0
meta/index.html,30,html,04f92d1a,MManiSSingh,2025-02-14,21:35:19,-08:00,2025-02-14T21:35:19-08:00,4,5
meta/index.html,31,html,04f92d1a,MManiSSingh,2025-02-14,21:35:19,-08:00,2025-02-14T21:35:19-08:00,6,6
meta/index.html,32,html,04f92d1a,MManiSSingh,2025-02-14,21:35:19,-08:00,2025-02-14T21:35:19-08:00,6,17
meta/index.html,33,html,04f92d1a,MManiSSingh,2025-02-14,21:35:19,-08:00,2025-02-14T21:35:19-08:00,6,20
meta/index.html,34,html,04f92d1a,MManiSSingh,2025-02-14,21:35:19,-08:00,2025-02-14T21:35:19-08:00,6,13
meta/index.html,35,html,04f92d1a,MManiSSingh,2025-02-14,21:35:19,-08:00,2025-02-14T21:35:19-08:00,6,13
meta/index.html,36,html,04f92d1a,MManiSSingh,2025-02-14,21:35:19,-08:00,2025-02-14T21:35:19-08:00,4,0
meta/index.html,37,html,04f92d1a,MManiSSingh,2025-02-14,21:35:19,-08:00,2025-02-14T21:35:19-08:00,0,0
meta/index.html,38,html,04f92d1a,MManiSSingh,2025-02-14,21:35:19,-08:00,2025-02-14T21:35:19-08:00,4,11
meta/index.html,39,html,04f92d1a,MManiSSingh,2025-02-14,21:35:19,-08:00,2025-02-14T21:35:19-08:00,6,45
meta/index.html,40,html,04f92d1a,MManiSSingh,2025-02-14,21:35:19,-08:00,2025-02-14T21:35:19-08:00,6,20
meta/index.html,41,html,04f92d1a,MManiSSingh,2025-02-14,21:35:19,-08:00,2025-02-14T21:35:19-08:00,6,69
meta/index.html,42,html,04f92d1a,MManiSSingh,2025-02-14,21:35:19,-08:00,2025-02-14T21:35:19-08:00,4,0
meta/index.html,43,html,04f92d1a,MManiSSingh,2025-02-14,21:35:19,-08:00,2025-02-14T21:35:19-08:00,0,0
meta/index.html,44,html,04f92d1a,MManiSSingh,2025-02-14,21:35:19,-08:00,2025-02-14T21:35:19-08:00,4,13
meta/index.html,45,html,04f92d1a,MManiSSingh,2025-02-14,21:35:19,-08:00,2025-02-14T21:35:19-08:00,6,16
meta/index.html,46,html,04f92d1a,MManiSSingh,2025-02-14,21:35:19,-08:00,2025-02-14T21:35:19-08:00,6,25
meta/index.html,47,html,04f92d1a,MManiSSingh,2025-02-14,21:35:19,-08:00,2025-02-14T21:35:19-08:00,6,43
meta/index.html,48,html,04f92d1a,MManiSSingh,2025-02-14,21:35:19,-08:00,2025-02-14T21:35:19-08:00,6,20
meta/index.html,49,html,04f92d1a,MManiSSingh,2025-02-14,21:35:19,-08:00,2025-02-14T21:35:19-08:00,4,0
meta/index.html,50,html,04f92d1a,MManiSSingh,2025-02-14,21:35:19,-08:00,2025-02-14T21:35:19-08:00,0,0
meta/index.html,51,html,04f92d1a,MManiSSingh,2025-02-14,21:35:19,-08:00,2025-02-14T21:35:19-08:00,4,2
meta/index.html,52,html,04f92d1a,MManiSSingh,2025-02-14,21:35:19,-08:00,2025-02-14T21:35:19-08:00,6,17
meta/index.html,53,html,04f92d1a,MManiSSingh,2025-02-14,21:35:19,-08:00,2025-02-14T21:35:19-08:00,6,14
meta/index.html,54,html,04f92d1a,MManiSSingh,2025-02-14,21:35:19,-08:00,2025-02-14T21:35:19-08:00,4,0
meta/index.html,55,html,04f92d1a,MManiSSingh,2025-02-14,21:35:19,-08:00,2025-02-14T21:35:19-08:00,0,0
meta/index.html,56,html,04f92d1a,MManiSSingh,2025-02-14,21:35:19,-08:00,2025-02-14T21:35:19-08:00,4,10
meta/index.html,57,html,04f92d1a,MManiSSingh,2025-02-14,21:35:19,-08:00,2025-02-14T21:35:19-08:00,6,15
meta/index.html,58,html,04f92d1a,MManiSSingh,2025-02-14,21:35:19,-08:00,2025-02-14T21:35:19-08:00,6,17
meta/index.html,59,html,04f92d1a,MManiSSingh,2025-02-14,21:35:19,-08:00,2025-02-14T21:35:19-08:00,4,0
meta/index.html,60,html,04f92d1a,MManiSSingh,2025-02-14,21:35:19,-08:00,2025-02-14T21:35:19-08:00,2,6
meta/index.html,61,html,04f92d1a,MManiSSingh,2025-02-14,21:35:19,-08:00,2025-02-14T21:35:19-08:00,0,5
meta/index.html,62,html,04f92d1a,MManiSSingh,2025-02-14,21:35:19,-08:00,2025-02-14T21:35:19-08:00,0,4
meta/index.html,63,html,04f92d1a,MManiSSingh,2025-02-14,21:35:19,-08:00,2025-02-14T21:35:19-08:00,0,0
meta/index.html,64,html,04f92d1a,MManiSSingh,2025-02-14,21:35:19,-08:00,2025-02-14T21:35:19-08:00,2,3
meta/index.html,65,html,04f92d1a,MManiSSingh,2025-02-14,21:35:19,-08:00,2025-02-14T21:35:19-08:00,4,30
meta/index.html,66,html,04f92d1a,MManiSSingh,2025-02-14,21:35:19,-08:00,2025-02-14T21:35:19-08:00,4,37
meta/index.html,67,html,04f92d1a,MManiSSingh,2025-02-14,21:35:19,-08:00,2025-02-14T21:35:19-08:00,4,35
meta/index.html,68,html,04f92d1a,MManiSSingh,2025-02-14,21:35:19,-08:00,2025-02-14T21:35:19-08:00,4,43
meta/index.html,69,html,04f92d1a,MManiSSingh,2025-02-14,21:35:19,-08:00,2025-02-14T21:35:19-08:00,2,4
meta/index.html,70,html,04f92d1a,MManiSSingh,2025-02-14,21:35:19,-08:00,2025-02-14T21:35:19-08:00,0,0
meta/index.html,71,html,04f92d1a,MManiSSingh,2025-02-14,21:35:19,-08:00,2025-02-14T21:35:19-08:00,2,36
meta/index.html,72,html,04f92d1a,MManiSSingh,2025-02-14,21:35:19,-08:00,2025-02-14T21:35:19-08:00,2,127
meta/index.html,73,html,04f92d1a,MManiSSingh,2025-02-14,21:35:19,-08:00,2025-02-14T21:35:19-08:00,0,0
meta/index.html,74,html,04f92d1a,MManiSSingh,2025-02-14,21:35:19,-08:00,2025-02-14T21:35:19-08:00,2,56
meta/index.html,75,html,04f92d1a,MManiSSingh,2025-02-14,21:35:19,-08:00,2025-02-14T21:35:19-08:00,0,5
meta/index.html,76,html,04f92d1a,MManiSSingh,2025-02-14,21:35:19,-08:00,2025-02-14T21:35:19-08:00,0,5
contact/index.html,1,html,1e273fe6,MManiSSingh,2025-01-10,17:03:55,-08:00,2025-01-10T17:03:55-08:00,0,13
contact/index.html,2,html,1e273fe6,MManiSSingh,2025-01-10,17:03:55,-08:00,2025-01-10T17:03:55-08:00,0,14
contact/index.html,3,html,1e273fe6,MManiSSingh,2025-01-10,17:03:55,-08:00,2025-01-10T17:03:55-08:00,0,4
contact/index.html,4,html,1e273fe6,MManiSSingh,2025-01-10,17:03:55,-08:00,2025-01-10T17:03:55-08:00,2,20
contact/index.html,5,html,1e273fe6,MManiSSingh,2025-01-10,17:03:55,-08:00,2025-01-10T17:03:55-08:00,2,68
contact/index.html,6,html,1e273fe6,MManiSSingh,2025-01-10,17:03:55,-08:00,2025-01-10T17:03:55-08:00,2,38
contact/index.html,7,html,353ec73b,MManiSSingh,2025-01-17,18:15:57,-08:00,2025-01-17T18:15:57-08:00,2,5
contact/index.html,8,html,353ec73b,MManiSSingh,2025-01-17,18:15:57,-08:00,2025-01-17T18:15:57-08:00,4,5
contact/index.html,9,html,18518f1c,MManiSSingh,2025-01-17,20:06:33,-08:00,2025-01-17T20:06:33-08:00,6,33
contact/index.html,10,html,1661f94d,MManiSSingh,2025-01-31,20:26:20,-08:00,2025-01-31T20:26:20-08:00,6,23
contact/index.html,11,html,353ec73b,MManiSSingh,2025-01-17,18:15:57,-08:00,2025-01-17T18:15:57-08:00,4,0
contact/index.html,12,html,353ec73b,MManiSSingh,2025-01-17,18:15:57,-08:00,2025-01-17T18:15:57-08:00,0,0
contact/index.html,13,html,353ec73b,MManiSSingh,2025-01-17,18:15:57,-08:00,2025-01-17T18:15:57-08:00,4,4
contact/index.html,14,html,353ec73b,MManiSSingh,2025-01-17,18:15:57,-08:00,2025-01-17T18:15:57-08:00,6,32
contact/index.html,15,html,353ec73b,MManiSSingh,2025-01-17,18:15:57,-08:00,2025-01-17T18:15:57-08:00,4,0
contact/index.html,16,html,353ec73b,MManiSSingh,2025-01-17,18:15:57,-08:00,2025-01-17T18:15:57-08:00,0,0
contact/index.html,17,html,353ec73b,MManiSSingh,2025-01-17,18:15:57,-08:00,2025-01-17T18:15:57-08:00,4,4
contact/index.html,18,html,353ec73b,MManiSSingh,2025-01-17,18:15:57,-08:00,2025-01-17T18:15:57-08:00,6,15
contact/index.html,19,html,353ec73b,MManiSSingh,2025-01-17,18:15:57,-08:00,2025-01-17T18:15:57-08:00,6,18
contact/index.html,20,html,353ec73b,MManiSSingh,2025-01-17,18:15:57,-08:00,2025-01-17T18:15:57-08:00,6,12
contact/index.html,21,html,353ec73b,MManiSSingh,2025-01-17,18:15:57,-08:00,2025-01-17T18:15:57-08:00,4,0
contact/index.html,22,html,353ec73b,MManiSSingh,2025-01-17,18:15:57,-08:00,2025-01-17T18:15:57-08:00,0,0
contact/index.html,23,html,353ec73b,MManiSSingh,2025-01-17,18:15:57,-08:00,2025-01-17T18:15:57-08:00,4,3
contact/index.html,24,html,353ec73b,MManiSSingh,2025-01-17,18:15:57,-08:00,2025-01-17T18:15:57-08:00,6,12
contact/index.html,25,html,353ec73b,MManiSSingh,2025-01-17,18:15:57,-08:00,2025-01-17T18:15:57-08:00,6,8
contact/index.html,26,html,353ec73b,MManiSSingh,2025-01-17,18:15:57,-08:00,2025-01-17T18:15:57-08:00,6,18
contact/index.html,27,html,1661f94d,MManiSSingh,2025-01-31,20:26:20,-08:00,2025-01-31T20:26:20-08:00,6,39
contact/index.html,28,html,1661f94d,MManiSSingh,2025-01-31,20:26:20,-08:00,2025-01-31T20:26:20-08:00,6,43
contact/index.html,29,html,353ec73b,MManiSSingh,2025-01-17,18:15:57,-08:00,2025-01-17T18:15:57-08:00,4,0
contact/index.html,30,html,353ec73b,MManiSSingh,2025-01-17,18:15:57,-08:00,2025-01-17T18:15:57-08:00,0,0
contact/index.html,31,html,353ec73b,MManiSSingh,2025-01-17,18:15:57,-08:00,2025-01-17T18:15:57-08:00,4,5
contact/index.html,32,html,353ec73b,MManiSSingh,2025-01-17,18:15:57,-08:00,2025-01-17T18:15:57-08:00,6,6
contact/index.html,33,html,353ec73b,MManiSSingh,2025-01-17,18:15:57,-08:00,2025-01-17T18:15:57-08:00,6,17
contact/index.html,34,html,353ec73b,MManiSSingh,2025-01-17,18:15:57,-08:00,2025-01-17T18:15:57-08:00,6,20
contact/index.html,35,html,353ec73b,MManiSSingh,2025-01-17,18:15:57,-08:00,2025-01-17T18:15:57-08:00,6,13
contact/index.html,36,html,353ec73b,MManiSSingh,2025-01-17,18:15:57,-08:00,2025-01-17T18:15:57-08:00,6,13
contact/index.html,37,html,353ec73b,MManiSSingh,2025-01-17,18:15:57,-08:00,2025-01-17T18:15:57-08:00,4,0
contact/index.html,38,html,353ec73b,MManiSSingh,2025-01-17,18:15:57,-08:00,2025-01-17T18:15:57-08:00,0,0
contact/index.html,39,html,353ec73b,MManiSSingh,2025-01-17,18:15:57,-08:00,2025-01-17T18:15:57-08:00,4,11
contact/index.html,40,html,353ec73b,MManiSSingh,2025-01-17,18:15:57,-08:00,2025-01-17T18:15:57-08:00,6,45
contact/index.html,41,html,353ec73b,MManiSSingh,2025-01-17,18:15:57,-08:00,2025-01-17T18:15:57-08:00,6,20
contact/index.html,42,html,1661f94d,MManiSSingh,2025-01-31,20:26:20,-08:00,2025-01-31T20:26:20-08:00,6,69
contact/index.html,43,html,353ec73b,MManiSSingh,2025-01-17,18:15:57,-08:00,2025-01-17T18:15:57-08:00,4,0
contact/index.html,44,html,353ec73b,MManiSSingh,2025-01-17,18:15:57,-08:00,2025-01-17T18:15:57-08:00,0,0
contact/index.html,45,html,353ec73b,MManiSSingh,2025-01-17,18:15:57,-08:00,2025-01-17T18:15:57-08:00,4,13
contact/index.html,46,html,353ec73b,MManiSSingh,2025-01-17,18:15:57,-08:00,2025-01-17T18:15:57-08:00,6,16
contact/index.html,47,html,ef139dd2,MManiSSingh,2025-01-17,19:21:17,-08:00,2025-01-17T19:21:17-08:00,6,25
contact/index.html,48,html,ef139dd2,MManiSSingh,2025-01-17,19:21:17,-08:00,2025-01-17T19:21:17-08:00,6,43
contact/index.html,49,html,353ec73b,MManiSSingh,2025-01-17,18:15:57,-08:00,2025-01-17T18:15:57-08:00,6,20
contact/index.html,50,html,353ec73b,MManiSSingh,2025-01-17,18:15:57,-08:00,2025-01-17T18:15:57-08:00,4,0
contact/index.html,51,html,ab151605,MManiSSingh,2025-01-17,19:16:50,-08:00,2025-01-17T19:16:50-08:00,0,0
contact/index.html,52,html,ab151605,MManiSSingh,2025-01-17,19:16:50,-08:00,2025-01-17T19:16:50-08:00,4,4
contact/index.html,53,html,ef139dd2,MManiSSingh,2025-01-17,19:21:17,-08:00,2025-01-17T19:21:17-08:00,6,12
contact/index.html,54,html,ef139dd2,MManiSSingh,2025-01-17,19:21:17,-08:00,2025-01-17T19:21:17-08:00,6,30
contact/index.html,55,html,ef139dd2,MManiSSingh,2025-01-17,19:21:17,-08:00,2025-01-17T19:21:17-08:00,6,7
contact/index.html,56,html,ab151605,MManiSSingh,2025-01-17,19:16:50,-08:00,2025-01-17T19:16:50-08:00,4,0
contact/index.html,57,html,ab151605,MManiSSingh,2025-01-17,19:16:50,-08:00,2025-01-17T19:16:50-08:00,0,0
contact/index.html,58,html,ab151605,MManiSSingh,2025-01-17,19:16:50,-08:00,2025-01-17T19:16:50-08:00,4,5
contact/index.html,59,html,ef139dd2,MManiSSingh,2025-01-17,19:21:17,-08:00,2025-01-17T19:21:17-08:00,6,17
contact/index.html,60,html,ab151605,MManiSSingh,2025-01-17,19:16:50,-08:00,2025-01-17T19:16:50-08:00,4,0
contact/index.html,61,html,ab151605,MManiSSingh,2025-01-17,19:16:50,-08:00,2025-01-17T19:16:50-08:00,0,0
contact/index.html,62,html,ef139dd2,MManiSSingh,2025-01-17,19:21:17,-08:00,2025-01-17T19:21:17-08:00,4,15
contact/index.html,63,html,ef139dd2,MManiSSingh,2025-01-17,19:21:17,-08:00,2025-01-17T19:21:17-08:00,6,17
contact/index.html,64,html,5ffe87ba,MManiSSingh,2025-01-31,17:05:34,-08:00,2025-01-31T17:05:34-08:00,6,10
contact/index.html,65,html,5ffe87ba,MManiSSingh,2025-01-31,17:05:34,-08:00,2025-01-31T17:05:34-08:00,6,13
contact/index.html,66,html,5ffe87ba,MManiSSingh,2025-01-31,17:05:34,-08:00,2025-01-31T17:05:34-08:00,6,34
contact/index.html,67,html,5ffe87ba,MManiSSingh,2025-01-31,17:05:34,-08:00,2025-01-31T17:05:34-08:00,6,21
contact/index.html,68,html,1661f94d,MManiSSingh,2025-01-31,20:26:20,-08:00,2025-01-31T20:26:20-08:00,6,23
contact/index.html,69,html,1661f94d,MManiSSingh,2025-01-31,20:26:20,-08:00,2025-01-31T20:26:20-08:00,6,16
contact/index.html,70,html,ab151605,MManiSSingh,2025-01-17,19:16:50,-08:00,2025-01-17T19:16:50-08:00,4,0
contact/index.html,71,html,ab151605,MManiSSingh,2025-01-17,19:16:50,-08:00,2025-01-17T19:16:50-08:00,0,0
contact/index.html,72,html,ab151605,MManiSSingh,2025-01-17,19:16:50,-08:00,2025-01-17T19:16:50-08:00,4,6
contact/index.html,73,html,ef139dd2,MManiSSingh,2025-01-17,19:21:17,-08:00,2025-01-17T19:21:17-08:00,6,18
contact/index.html,74,html,5ffe87ba,MManiSSingh,2025-01-31,17:05:34,-08:00,2025-01-31T17:05:34-08:00,6,14
contact/index.html,75,html,5ffe87ba,MManiSSingh,2025-01-31,17:05:34,-08:00,2025-01-31T17:05:34-08:00,6,30
contact/index.html,76,html,5ffe87ba,MManiSSingh,2025-01-31,17:05:34,-08:00,2025-01-31T17:05:34-08:00,6,11
contact/index.html,77,html,5ffe87ba,MManiSSingh,2025-01-31,17:05:34,-08:00,2025-01-31T17:05:34-08:00,6,11
contact/index.html,78,html,5ffe87ba,MManiSSingh,2025-01-31,17:05:34,-08:00,2025-01-31T17:05:34-08:00,6,21
contact/index.html,79,html,5ffe87ba,MManiSSingh,2025-01-31,17:05:34,-08:00,2025-01-31T17:05:34-08:00,6,14
contact/index.html,80,html,5ffe87ba,MManiSSingh,2025-01-31,17:05:34,-08:00,2025-01-31T17:05:34-08:00,4,0
contact/index.html,81,html,5ffe87ba,MManiSSingh,2025-01-31,17:05:34,-08:00,2025-01-31T17:05:34-08:00,0,0
contact/index.html,82,html,5ffe87ba,MManiSSingh,2025-01-31,17:05:34,-08:00,2025-01-31T17:05:34-08:00,4,12
contact/index.html,83,html,5ffe87ba,MManiSSingh,2025-01-31,17:05:34,-08:00,2025-01-31T17:05:34-08:00,6,29
contact/index.html,84,html,ab151605,MManiSSingh,2025-01-17,19:16:50,-08:00,2025-01-17T19:16:50-08:00,4,0
contact/index.html,85,html,1661f94d,MManiSSingh,2025-01-31,20:26:20,-08:00,2025-01-31T20:26:20-08:00,0,0
contact/index.html,86,html,1661f94d,MManiSSingh,2025-01-31,20:26:20,-08:00,2025-01-31T20:26:20-08:00,4,13
contact/index.html,87,html,1661f94d,MManiSSingh,2025-01-31,20:26:20,-08:00,2025-01-31T20:26:20-08:00,6,17
contact/index.html,88,html,1661f94d,MManiSSingh,2025-01-31,20:26:20,-08:00,2025-01-31T20:26:20-08:00,6,8
contact/index.html,89,html,1661f94d,MManiSSingh,2025-01-31,20:26:20,-08:00,2025-01-31T20:26:20-08:00,6,10
contact/index.html,90,html,1661f94d,MManiSSingh,2025-01-31,20:26:20,-08:00,2025-01-31T20:26:20-08:00,6,13
contact/index.html,91,html,1661f94d,MManiSSingh,2025-01-31,20:26:20,-08:00,2025-01-31T20:26:20-08:00,6,19
contact/index.html,92,html,1661f94d,MManiSSingh,2025-01-31,20:26:20,-08:00,2025-01-31T20:26:20-08:00,4,0
contact/index.html,93,html,1661f94d,MManiSSingh,2025-01-31,20:26:20,-08:00,2025-01-31T20:26:20-08:00,4,20
contact/index.html,94,html,1661f94d,MManiSSingh,2025-01-31,20:26:20,-08:00,2025-01-31T20:26:20-08:00,6,19
contact/index.html,95,html,1661f94d,MManiSSingh,2025-01-31,20:26:20,-08:00,2025-01-31T20:26:20-08:00,4,0
contact/index.html,96,html,353ec73b,MManiSSingh,2025-01-17,18:15:57,-08:00,2025-01-17T18:15:57-08:00,2,6
contact/index.html,97,html,1e273fe6,MManiSSingh,2025-01-10,17:03:55,-08:00,2025-01-10T17:03:55-08:00,0,5
contact/index.html,98,html,1e273fe6,MManiSSingh,2025-01-10,17:03:55,-08:00,2025-01-10T17:03:55-08:00,0,4
contact/index.html,99,html,5ffe87ba,MManiSSingh,2025-01-31,17:05:34,-08:00,2025-01-31T17:05:34-08:00,0,0
contact/index.html,100,html,1e273fe6,MManiSSingh,2025-01-10,17:03:55,-08:00,2025-01-10T17:03:55-08:00,2,14
contact/index.html,101,html,af45b680,MManiSSingh,2025-01-10,17:10:18,-08:00,2025-01-10T17:10:18-08:00,2,74
contact/index.html,102,html,af45b680,MManiSSingh,2025-01-10,17:10:18,-08:00,2025-01-10T17:10:18-08:00,4,31
contact/index.html,103,html,af45b680,MManiSSingh,2025-01-10,17:10:18,-08:00,2025-01-10T17:10:18-08:00,4,51
contact/index.html,104,html,5ffe87ba,MManiSSingh,2025-01-31,17:05:34,-08:00,2025-01-31T17:05:34-08:00,4,0
contact/index.html,105,html,af45b680,MManiSSingh,2025-01-10,17:10:18,-08:00,2025-01-10T17:10:18-08:00,4,35
contact/index.html,106,html,af45b680,MManiSSingh,2025-01-10,17:10:18,-08:00,2025-01-10T17:10:18-08:00,4,45
contact/index.html,107,html,5ffe87ba,MManiSSingh,2025-01-31,17:05:34,-08:00,2025-01-31T17:05:34-08:00,4,0
contact/index.html,108,html,af45b680,MManiSSingh,2025-01-10,17:10:18,-08:00,2025-01-10T17:10:18-08:00,4,32
contact/index.html,109,html,af45b680,MManiSSingh,2025-01-10,17:10:18,-08:00,2025-01-10T17:10:18-08:00,4,50
contact/index.html,110,html,5ffe87ba,MManiSSingh,2025-01-31,17:05:34,-08:00,2025-01-31T17:05:34-08:00,4,0
contact/index.html,111,html,af45b680,MManiSSingh,2025-01-10,17:10:18,-08:00,2025-01-10T17:10:18-08:00,4,27
contact/index.html,112,html,af45b680,MManiSSingh,2025-01-10,17:10:18,-08:00,2025-01-10T17:10:18-08:00,2,5
contact/index.html,113,html,5ffe87ba,MManiSSingh,2025-01-31,17:05:34,-08:00,2025-01-31T17:05:34-08:00,0,0
contact/index.html,114,html,542e340d,MManiSSingh,2025-01-31,16:35:30,-08:00,2025-01-31T16:35:30-08:00,2,56
contact/index.html,115,html,5ffe87ba,MManiSSingh,2025-01-31,17:05:34,-08:00,2025-01-31T17:05:34-08:00,0,0
contact/index.html,116,html,1e273fe6,MManiSSingh,2025-01-10,17:03:55,-08:00,2025-01-10T17:03:55-08:00,0,5
contact/index.html,117,html,af45b680,MManiSSingh,2025-01-10,17:10:18,-08:00,2025-01-10T17:10:18-08:00,0,5
